{
    "index": [
        "False Negative Rate",
        "False Positive Rate"
    ],
    "columns": [
        [
            "B-gpe",
            "GPE"
        ],
        [
            "I-gpe",
            "GPE"
        ]
    ],
    "data": [
        [
            0.03813559322033899,
            0.25
        ],
        [
            0.0006816167950378649,
            0.0
        ]
    ],
    "target": [
        0.05,
        0.075
    ]
}