{
    "index": [
        "False Negative Rate",
        "False Positive Rate"
    ],
    "columns": [
        [
            "B-per",
            "PER"
        ],
        [
            "I-per",
            "PER"
        ]
    ],
    "data": [
        [
            0.11392405063291144,
            0.07079646017699115
        ],
        [
            0.0036128152692569415,
            0.0027246100401879803
        ]
    ],
    "target": [
        0.05,
        0.075
    ]
}