{
    "index": [
        "B-GPE",
        "I-GPE"
    ],
    "columns": [
        "False Negative Rate",
        "False Positive Rate"
    ],
    "data": [
        [
            0.03813559322033899,
            0.0006816167950378649
        ],
        [
            0.25,
            0.0
        ]
    ],
    "target": [
        0.05,
        0.075
    ]
}