{
    "index": [
        "B-GEO",
        "I-GEO"
    ],
    "columns": [
        "False Negative Rate",
        "False Positive Rate"
    ],
    "data": [
        [
            0.12571428571428567,
            0.004728132387706863
        ],
        [
            0.2192982456140351,
            0.0016223889677550174
        ]
    ],
    "target": [
        0.035,
        0.05
    ]
}