{
    "index": [
        "B-ORG",
        "I-ORG"
    ],
    "columns": [
        "False Negative Rate",
        "False Positive Rate"
    ],
    "data": [
        [
            0.2852233676975945,
            0.006362889983579589
        ],
        [
            0.27192982456140347,
            0.00313372845561688
        ]
    ],
    "target": [
        0.05,
        0.075
    ]
}