{
    "index": [
        "B-PER",
        "I-PER"
    ],
    "columns": [
        "False Negative Rate",
        "False Positive Rate"
    ],
    "data": [
        [
            0.11392405063291144,
            0.0036128152692569415
        ],
        [
            0.07079646017699115,
            0.0027246100401879803
        ]
    ],
    "target": [
        0.025,
        0.05
    ]
}