{
    "index": [
        "B-TIM",
        "I-TIM"
    ],
    "columns": [
        "False Negative Rate",
        "False Positive Rate"
    ],
    "data": [
        [
            0.08921933085501854,
            0.0012979915288974242
        ],
        [
            0.22619047619047616,
            0.0007420899952775839
        ]
    ],
    "target": [
        0.05,
        0.075
    ]
}