{
    "index": [
        0,
        1,
        2,
        3,
        4,
        5,
        6,
        7,
        8,
        9,
        10,
        11,
        12,
        13,
        14,
        15,
        16,
        17,
        18,
        19,
        20,
        21,
        22,
        23,
        24,
        25,
        26,
        27,
        28,
        29,
        30,
        31,
        32,
        33,
        34,
        35,
        36,
        37,
        38,
        39,
        40,
        41,
        42,
        43,
        44,
        45,
        46,
        47,
        48,
        49,
        50,
        51,
        52,
        53,
        54,
        55,
        56,
        57,
        58,
        59,
        60,
        61,
        62,
        63,
        64,
        65,
        66,
        67,
        68,
        69,
        70,
        71,
        72,
        73,
        74,
        75,
        76,
        77,
        78,
        79,
        80,
        81,
        82,
        83,
        84,
        85,
        86,
        87,
        88,
        89,
        90,
        91,
        92,
        93,
        94,
        95,
        96,
        97,
        98,
        99
    ],
    "columns": [
        "x",
        "low",
        "high"
    ],
    "data": [
        [
            0.01,
            155390.625,
            414375.0
        ],
        [
            0.02,
            310781.25,
            828750.0
        ],
        [
            0.03,
            466171.875,
            1243125.0
        ],
        [
            0.04,
            621562.5,
            1657500.0
        ],
        [
            0.05,
            776953.125,
            2071875.0
        ],
        [
            0.06,
            932343.75,
            2486250.0
        ],
        [
            0.07,
            1087734.3750000002,
            2900625.0000000005
        ],
        [
            0.08,
            1243125.0,
            3315000.0
        ],
        [
            0.09,
            1398515.625,
            3729375.0
        ],
        [
            0.1,
            1553906.25,
            4143750.0
        ],
        [
            0.11,
            1709296.875,
            4558125.0
        ],
        [
            0.12,
            1864687.5,
            4972500.0
        ],
        [
            0.13,
            2020078.125,
            5386875.0
        ],
        [
            0.14,
            2175468.7500000005,
            5801250.000000001
        ],
        [
            0.15,
            2330859.375,
            6215625.0
        ],
        [
            0.16,
            2486250.0,
            6630000.0
        ],
        [
            0.17,
            2641640.6250000005,
            7044375.0
        ],
        [
            0.18,
            2797031.25,
            7458750.0
        ],
        [
            0.19,
            2952421.875,
            7873125.0
        ],
        [
            0.2,
            3107812.5,
            8287500.0
        ],
        [
            0.21,
            3263203.125,
            8701875.0
        ],
        [
            0.22,
            3418593.75,
            9116250.0
        ],
        [
            0.23,
            3573984.375,
            9530625.0
        ],
        [
            0.24,
            3729375.0,
            9945000.0
        ],
        [
            0.25,
            3884765.625,
            10359375.0
        ],
        [
            0.26,
            4040156.25,
            10773750.0
        ],
        [
            0.27,
            4195546.875,
            11188125.000000002
        ],
        [
            0.28,
            4350937.500000001,
            11602500.000000002
        ],
        [
            0.29,
            4506328.125,
            12016874.999999998
        ],
        [
            0.3,
            4661718.75,
            12431250.0
        ],
        [
            0.31,
            4817109.375,
            12845625.0
        ],
        [
            0.32,
            4972500.0,
            13260000.0
        ],
        [
            0.33,
            5127890.625,
            13674375.0
        ],
        [
            0.34,
            5283281.250000001,
            14088750.0
        ],
        [
            0.35000000000000003,
            5438671.875000001,
            14503125.0
        ],
        [
            0.36,
            5594062.5,
            14917500.0
        ],
        [
            0.37,
            5749453.125,
            15331875.0
        ],
        [
            0.38,
            5904843.75,
            15746250.0
        ],
        [
            0.39,
            6060234.375,
            16160625.0
        ],
        [
            0.4,
            6215625.0,
            16575000.0
        ],
        [
            0.41000000000000003,
            6371015.625000001,
            16989375.0
        ],
        [
            0.42,
            6526406.25,
            17403750.0
        ],
        [
            0.43,
            6681796.875,
            17818125.0
        ],
        [
            0.44,
            6837187.5,
            18232500.0
        ],
        [
            0.45,
            6992578.125,
            18646875.0
        ],
        [
            0.46,
            7147968.75,
            19061250.0
        ],
        [
            0.47000000000000003,
            7303359.375,
            19475625.0
        ],
        [
            0.48,
            7458750.0,
            19890000.0
        ],
        [
            0.49,
            7614140.625,
            20304375.0
        ],
        [
            0.5,
            7769531.25,
            20718750.0
        ],
        [
            0.51,
            7924921.875,
            21133125.0
        ],
        [
            0.52,
            8080312.5,
            21547500.0
        ],
        [
            0.53,
            8235703.125,
            21961875.0
        ],
        [
            0.54,
            8391093.75,
            22376250.000000004
        ],
        [
            0.55,
            8546484.375,
            22790625.000000004
        ],
        [
            0.56,
            8701875.000000002,
            23205000.000000004
        ],
        [
            0.5700000000000001,
            8857265.625000002,
            23619375.000000004
        ],
        [
            0.58,
            9012656.25,
            24033749.999999996
        ],
        [
            0.59,
            9168046.875,
            24448125.0
        ],
        [
            0.6,
            9323437.5,
            24862500.0
        ],
        [
            0.61,
            9478828.125,
            25276875.0
        ],
        [
            0.62,
            9634218.75,
            25691250.0
        ],
        [
            0.63,
            9789609.375,
            26105625.0
        ],
        [
            0.64,
            9945000.0,
            26520000.0
        ],
        [
            0.65,
            10100390.625,
            26934375.0
        ],
        [
            0.66,
            10255781.25,
            27348750.0
        ],
        [
            0.67,
            10411171.875,
            27763125.0
        ],
        [
            0.68,
            10566562.500000002,
            28177500.0
        ],
        [
            0.6900000000000001,
            10721953.125000002,
            28591875.0
        ],
        [
            0.7000000000000001,
            10877343.750000002,
            29006250.0
        ],
        [
            0.71,
            11032734.375,
            29420625.0
        ],
        [
            0.72,
            11188125.0,
            29835000.0
        ],
        [
            0.73,
            11343515.625,
            30249375.0
        ],
        [
            0.74,
            11498906.25,
            30663750.0
        ],
        [
            0.75,
            11654296.875,
            31078125.0
        ],
        [
