{
    "index": [
        0,
        1,
        2,
        3,
        4,
        5,
        6,
        7,
        8,
        9,
        10,
        11,
        12,
        13,
        14,
        15,
        16,
        17,
        18,
        19,
        20,
        21,
        22,
        23,
        24,
        25,
        26,
        27,
        28,
        29,
        30,
        31,
        32,
        33,
        34,
        35,
        36,
        37,
        38,
        39,
        40,
        41,
        42,
        43,
        44,
        45,
        46,
        47,
        48,
        49,
        50,
        51,
        52,
        53,
        54,
        55,
        56,
        57,
        58,
        59,
        60,
        61,
        62,
        63,
        64,
        65,
        66,
        67,
        68,
        69,
        70,
        71,
        72,
        73,
        74,
        75,
        76,
        77,
        78,
        79,
        80,
        81,
        82,
        83,
        84,
        85,
        86,
        87,
        88,
        89,
        90,
        91,
        92,
        93,
        94,
        95,
        96,
        97,
        98,
        99
    ],
    "columns": [
        "x",
        "low",
        "high"
    ],
    "data": [
        [
            0.01,
            1035.9375,
            2762.5
        ],
        [
            0.02,
            2071.875,
            5525.0
        ],
        [
            0.03,
            3107.8125,
            8287.5
        ],
        [
            0.04,
            4143.75,
            11050.0
        ],
        [
            0.05,
            5179.6875,
            13812.5
        ],
        [
            0.06,
            6215.625,
            16575.0
        ],
        [
            0.07,
            7251.562500000001,
            19337.5
        ],
        [
            0.08,
            8287.5,
            22100.0
        ],
        [
            0.09,
            9323.4375,
            24862.5
        ],
        [
            0.1,
            10359.375,
            27625.0
        ],
        [
            0.11,
            11395.3125,
            30387.5
        ],
        [
            0.12,
            12431.25,
            49725.0
        ],
        [
            0.13,
            13467.1875,
            53868.75
        ],
        [
            0.14,
            14503.125000000002,
            58012.5
        ],
        [
            0.15,
            15539.0625,
            62156.25
        ],
        [
            0.16,
            16575.0,
            66300.0
        ],
        [
            0.17,
            17610.9375,
            70443.75
        ],
        [
            0.18,
            18646.875,
            74587.5
        ],
        [
            0.19,
            19682.8125,
            78731.25
        ],
        [
            0.2,
            20718.75,
            82875.0
        ],
        [
            0.21,
            21754.6875,
            87018.75
        ],
        [
            0.22,
            22790.625,
            91162.5
        ],
        [
            0.23,
            23826.5625,
            95306.25
        ],
        [
            0.24,
            24862.5,
            99450.0
        ],
        [
            0.25,
            25898.4375,
            103593.75
        ],
        [
            0.26,
            26934.375,
            107737.5
        ],
        [
            0.27,
            27970.3125,
            111881.25
        ],
        [
            0.28,
            29006.250000000004,
            116025.0
        ],
        [
            0.29,
            30042.187499999996,
            120168.75
        ],
        [
            0.3,
            31078.125,
            124312.5
        ],
        [
            0.31,
            32114.0625,
            128456.25
        ],
        [
            0.32,
            49725.0,
            132600.0
        ],
        [
            0.33,
            51278.90625,
            136743.75
        ],
        [
            0.34,
            52832.8125,
            140887.5
        ],
        [
            0.35000000000000003,
            54386.71875,
            145031.25000000003
        ],
        [
            0.36,
            55940.625,
            149175.0
        ],
        [
            0.37,
            57494.53125,
            153318.75
        ],
        [
            0.38,
            59048.4375,
            157462.5
        ],
        [
            0.39,
            60602.34375,
            161606.25
        ],
        [
            0.4,
            62156.25,
            165750.0
        ],
        [
            0.41000000000000003,
            63710.15625,
            169893.75000000003
        ],
        [
            0.42,
            65264.0625,
            174037.5
        ],
        [
            0.43,
            66817.96875,
            178181.25
        ],
        [
            0.44,
            68371.875,
            182325.0
        ],
        [
            0.45,
            69925.78125,
            186468.75
        ],
        [
            0.46,
            71479.6875,
            190612.5
        ],
        [
            0.47000000000000003,
            73033.59375,
            194756.25000000003
        ],
        [
            0.48,
            74587.5,
            198900.0
        ],
        [
            0.49,
            76141.40625,
            203043.75
        ],
        [
            0.5,
            77695.3125,
            207187.5
        ],
        [
            0.51,
            79249.21875,
            211331.25
        ],
        [
            0.52,
            80803.125,
            215475.0
        ],
        [
            0.53,
            82357.03125,
            219618.75
        ],
        [
            0.54,
            83910.9375,
            223762.5
        ],
        [
            0.55,
            85464.84375000001,
            227906.25
        ],
        [
            0.56,
            87018.75000000001,
            232050.0
        ],
        [
            0.5700000000000001,
            88572.65625000001,
            236193.75000000006
        ],
        [
            0.58,
            90126.56249999999,
            240337.5
        ],
        [
            0.59,
            91680.46875,
            244481.25
        ],
        [
            0.6,
            93234.375,
            248625.0
        ],
        [
            0.61,
            94788.28125,
            252768.75
        ],
        [
            0.62,
            96342.1875,
            256912.5
        ],
        [
            0.63,
            97896.09375,
            261056.25
        ],
        [
            0.64,
            99450.0,
            265200.0
        ],
        [
            0.65,
            101003.90625,
            269343.75
        ],
        [
            0.66,
            102557.8125,
            273487.5
        ],
        [
            0.67,
            104111.71875,
            277631.25
        ],
        [
            0.68,
            105665.625,
            281775.0
        ],
        [
            0.6900000000000001,
            107219.53125,
            285918.75000000006
        ],
        [
            0.7000000000000001,
            108773.4375,
            290062.50000000006
        ],
        [
            0.71,
            110327.34375,
            294206.25
        ],
        [
            0.72,
            111881.25,
            298350.0
        ],
        [
            0.73,
            113435.15625,
            302493.75
        ],
        [
            0.74,
            114989.0625,
            306637.5
        ],
        [
            0.75,
            116542.96875,
            310781.25
        ],
        [
            0.76,
            118096.875,
            314925.0
        ],
        [
            0.77,
            119650.78125,
            319068.75
        ],
        [
            0.78,
