{
    "index": [
        0,
        1,
        2,
        3,
        4,
        5,
        6,
        7,
        8,
        9,
        10,
        11,
        12,
        13,
        14,
        15,
        16,
        17,
        18,
        19,
        20,
        21,
        22,
        23,
        24,
        25,
        26,
        27,
        28,
        29,
        30,
        31,
        32,
        33,
        34,
        35,
        36,
        37,
        38,
        39,
        40,
        41,
        42,
        43,
        44,
        45,
        46,
        47,
        48,
        49,
        50,
        51,
        52,
        53,
        54,
        55,
        56,
        57,
        58,
        59,
        60,
        61,
        62,
        63,
        64,
        65,
        66,
        67,
        68,
        69,
        70,
        71,
        72,
        73,
        74,
        75,
        76,
        77,
        78,
        79,
        80,
        81,
        82,
        83,
        84,
        85,
        86,
        87,
        88,
        89,
        90,
        91,
        92,
        93,
        94,
        95,
        96,
        97,
        98,
        99
    ],
    "columns": [
        "x",
        "low",
        "high"
    ],
    "data": [
        [
            0.01,
            3931.25,
            9828.125
        ],
        [
            0.02,
            7862.5,
            19656.25
        ],
        [
            0.03,
            11793.75,
            29484.375
        ],
        [
            0.04,
            15725.0,
            39312.5
        ],
        [
            0.05,
            19656.25,
            49140.625
        ],
        [
            0.06,
            23587.5,
            58968.75
        ],
        [
            0.07,
            27518.75,
            68796.87500000001
        ],
        [
            0.08,
            31450.0,
            78625.0
        ],
        [
            0.09,
            35381.25,
            88453.125
        ],
        [
            0.1,
            39312.5,
            147421.875
        ],
        [
            0.11,
            43243.75,
            162164.0625
        ],
        [
            0.12,
            47175.0,
            176906.25
        ],
        [
            0.13,
            51106.25,
            191648.4375
        ],
        [
            0.14,
            55037.5,
            206390.62500000003
        ],
        [
            0.15,
            58968.75,
            221132.8125
        ],
        [
            0.16,
            62900.0,
            235875.0
        ],
        [
            0.17,
            66831.25,
            250617.18750000003
        ],
        [
            0.18,
            70762.5,
            265359.375
        ],
        [
            0.19,
            74693.75,
            280101.5625
        ],
        [
            0.2,
            78625.0,
            294843.75
        ],
        [
            0.21,
            82556.25,
            309585.9375
        ],
        [
            0.22,
            86487.5,
            324328.125
        ],
        [
            0.23,
            90418.75,
            339070.3125
        ],
        [
            0.24,
            141525.0,
            353812.5
        ],
        [
            0.25,
            147421.875,
            368554.6875
        ],
        [
            0.26,
            153318.75,
            383296.875
        ],
        [
            0.27,
            159215.625,
            398039.0625
        ],
        [
            0.28,
            165112.5,
            412781.25000000006
        ],
        [
            0.29,
            171009.375,
            427523.4375
        ],
        [
            0.3,
            176906.25,
            442265.625
        ],
        [
            0.31,
            182803.125,
            457007.8125
        ],
        [
            0.32,
            188700.0,
            471750.0
        ],
        [
            0.33,
            194596.875,
            486492.1875
        ],
        [
            0.34,
            200493.75,
            501234.37500000006
        ],
        [
            0.35000000000000003,
            206390.62500000003,
            515976.56250000006
        ],
        [
            0.36,
            212287.5,
            530718.75
        ],
        [
            0.37,
            218184.375,
            545460.9375
        ],
        [
            0.38,
            224081.25,
            560203.125
        ],
        [
            0.39,
            229978.125,
            574945.3125
        ],
        [
            0.4,
            235875.0,
            589687.5
        ],
        [
            0.41000000000000003,
            241771.87500000003,
            604429.6875
        ],
        [
            0.42,
            247668.75,
            619171.875
        ],
        [
            0.43,
            253565.625,
            633914.0625
        ],
        [
            0.44,
            259462.5,
            648656.25
        ],
        [
            0.45,
            265359.375,
            663398.4375
        ],
        [
            0.46,
            271256.25,
            678140.625
        ],
        [
            0.47000000000000003,
            277153.12500000006,
            692882.8125
        ],
        [
            0.48,
            283050.0,
            707625.0
        ],
        [
            0.49,
            288946.875,
            722367.1875
        ],
        [
            0.5,
            294843.75,
            737109.375
        ],
        [
            0.51,
            300740.625,
            751851.5625
        ],
        [
            0.52,
            306637.5,
            766593.75
        ],
        [
            0.53,
            312534.375,
            781335.9375
        ],
        [
            0.54,
            318431.25,
            796078.125
        ],
        [
            0.55,
            324328.125,
            810820.3125000001
        ],
        [
            0.56,
            330225.0,
            825562.5000000001
        ],
        [
            0.5700000000000001,
            336121.87500000006,
            840304.6875000001
        ],
        [
            0.58,
            342018.75,
            855046.875
        ],
        [
            0.59,
            347915.625,
            869789.0625
        ],
        [
            0.6,
            353812.5,
            884531.25
        ],
        [
            0.61,
            359709.375,
            899273.4375
        ],
        [
            0.62,
            365606.25,
            914015.625
        ],
        [
            0.63,
            371503.125,
            928757.8125
        ],
        [
            0.64,
            377400.0,
            943500.0
        ],
        [
            0.65,
            383296.875,
            958242.1875
        ],
        [
            0.66,
            389193.75,
            972984.375
        ],
        [
            0.67,
            395090.625,
            987726.5625
        ],
        [
            0.68,
            400987.5,
            1002468.7500000001
        ],
        [
            0.6900000000000001,
            406884.37500000006,
            1017210.9375000001
        ],
        [
            0.7000000000000001,
            412781.25000000006,
            1031953.1250000001
        ],
        [
            0.71,
            418678.125,
            1046695.3125
        ],
        [
            0.72,
            424575.0,
            1061437.5
        ],
        [
            0.73,
            430471.875,
            1076179.6875
        ],
        [
            0.74,
            436368.75,
            1090921.875
        ],
        [
            0.75,
            442265.625,
            1105664.0625
        ],
        [
            0.76,
            448162.5,
            1120406.25
        ],
        [
            0.77,
