{
    "index": [
        0,
        1,
        2,
        3,
        4,
        5,
        6,
        7,
        8,
        9,
        10,
        11,
        12,
        13,
        14,
        15,
        16,
        17,
        18,
        19,
        20,
        21,
        22,
        23,
        24,
        25,
        26,
        27,
        28,
        29,
        30,
        31,
        32,
        33,
        34,
        35,
        36,
        37,
        38,
        39,
        40,
        41,
        42,
        43,
        44,
        45,
        46,
        47,
        48,
        49,
        50,
        51,
        52,
        53,
        54,
        55,
        56,
        57,
        58,
        59,
        60,
        61,
        62,
        63,
        64,
        65,
        66,
        67,
        68,
        69,
        70,
        71,
        72,
        73,
        74,
        75,
        76,
        77,
        78,
        79,
        80,
        81,
        82,
        83,
        84,
        85,
        86,
        87,
        88,
        89,
        90,
        91,
        92,
        93,
        94,
        95,
        96,
        97,
        98,
        99
    ],
    "columns": [
        "x",
        "low",
        "high"
    ],
    "data": [
        [
            0.01,
            589687.5,
            1474218.75
        ],
        [
            0.02,
            1179375.0,
            2948437.5
        ],
        [
            0.03,
            1769062.5,
            4422656.25
        ],
        [
            0.04,
            2358750.0,
            5896875.0
        ],
        [
            0.05,
            2948437.5,
            7371093.75
        ],
        [
            0.06,
            3538125.0,
            8845312.5
        ],
        [
            0.07,
            4127812.5000000005,
            10319531.25
        ],
        [
            0.08,
            4717500.0,
            11793750.0
        ],
        [
            0.09,
            5307187.5,
            13267968.75
        ],
        [
            0.1,
            5896875.0,
            14742187.5
        ],
        [
            0.11,
            6486562.5,
            16216406.25
        ],
        [
            0.12,
            7076250.0,
            17690625.0
        ],
        [
            0.13,
            7665937.5,
            19164843.75
        ],
        [
            0.14,
            8255625.000000001,
            20639062.5
        ],
        [
            0.15,
            8845312.5,
            22113281.25
        ],
        [
            0.16,
            9435000.0,
            23587500.0
        ],
        [
            0.17,
            10024687.5,
            25061718.75
        ],
        [
            0.18,
            10614375.0,
            26535937.5
        ],
        [
            0.19,
            11204062.5,
            28010156.25
        ],
        [
            0.2,
            11793750.0,
            29484375.0
        ],
        [
            0.21,
            12383437.5,
            30958593.75
        ],
        [
            0.22,
            12973125.0,
            32432812.5
        ],
        [
            0.23,
            13562812.5,
            33907031.25
        ],
        [
            0.24,
            14152500.0,
            35381250.0
        ],
        [
            0.25,
            14742187.5,
            36855468.75
        ],
        [
            0.26,
            15331875.0,
            38329687.5
        ],
        [
            0.27,
            15921562.500000002,
            39803906.25
        ],
        [
            0.28,
            16511250.000000002,
            41278125.0
        ],
        [
            0.29,
            17100937.499999996,
            42752343.75
        ],
        [
            0.3,
            17690625.0,
            44226562.5
        ],
        [
            0.31,
            18280312.5,
            45700781.25
        ],
        [
            0.32,
            18870000.0,
            47175000.0
        ],
        [
            0.33,
            19459687.5,
            48649218.75
        ],
        [
            0.34,
            20049375.0,
            50123437.5
        ],
        [
            0.35000000000000003,
            20639062.5,
            51597656.25000001
        ],
        [
            0.36,
            21228750.0,
            53071875.0
        ],
        [
            0.37,
            21818437.5,
            54546093.75
        ],
        [
            0.38,
            22408125.0,
            56020312.5
        ],
        [
            0.39,
            22997812.5,
            57494531.25
        ],
        [
            0.4,
            23587500.0,
            58968750.0
        ],
        [
            0.41000000000000003,
            24177187.5,
            60442968.75000001
        ],
        [
            0.42,
            24766875.0,
            61917187.5
        ],
        [
            0.43,
            25356562.5,
            63391406.25
        ],
        [
            0.44,
            25946250.0,
            64865625.0
        ],
        [
            0.45,
            26535937.5,
            66339843.75
        ],
        [
            0.46,
            27125625.0,
            67814062.5
        ],
        [
            0.47000000000000003,
            27715312.5,
            69288281.25000001
        ],
        [
            0.48,
            28305000.0,
            70762500.0
        ],
        [
            0.49,
            28894687.5,
            72236718.75
        ],
        [
            0.5,
            29484375.0,
            73710937.5
        ],
        [
            0.51,
            30074062.5,
            75185156.25
        ],
        [
            0.52,
            30663750.0,
            76659375.0
        ],
        [
            0.53,
            31253437.5,
            78133593.75
        ],
        [
            0.54,
            31843125.000000004,
            79607812.5
        ],
        [
            0.55,
            32432812.500000004,
            81082031.25
        ],
        [
            0.56,
            33022500.000000004,
            82556250.0
        ],
        [
            0.5700000000000001,
            33612187.50000001,
            84030468.75000001
        ],
        [
            0.58,
            34201874.99999999,
            85504687.5
        ],
        [
            0.59,
            34791562.5,
            86978906.25
        ],
        [
            0.6,
            35381250.0,
            88453125.0
        ],
        [
            0.61,
            35970937.5,
            89927343.75
        ],
        [
            0.62,
            36560625.0,
            91401562.5
        ],
        [
            0.63,
            37150312.5,
            92875781.25
        ],
        [
            0.64,
            37740000.0,
            94350000.0
        ],
        [
            0.65,
            38329687.5,
            95824218.75
        ],
        [
            0.66,
            38919375.0,
            97298437.5
        ],
        [
            0.67,
            39509062.5,
            98772656.25
        ],
        [
            0.68,
            40098750.0,
            100246875.0
        ],
        [
            0.6900000000000001,
            40688437.5,
            101721093.75000001
        ],
        [
            0.7000000000000001,
            41278125.0,
            103195312.50000001
        ],
        [
            0.71,
            41867812.5,
            104669531.25
        ],
        [
            0.72,
            42457500.0,
            106143750.0
        ],
        [
            0.73,
            43047187.5,
            107617968.75
        ],
        [
            0.74,
            43636875.0,
            109092187.5
        ],
        [
            0.75,
            44226562.5,
            110566406.25
        ],
        [
            0.76,
