{
    "index": [
        0,
        1,
        2,
        3,
        4,
        5,
        6,
        7,
        8,
        9,
        10,
        11,
        12,
        13,
        14,
        15,
        16,
        17,
        18,
        19,
        20,
        21,
        22,
        23,
        24,
        25,
        26,
        27,
        28,
        29,
        30,
        31,
        32,
        33,
        34,
        35,
        36,
        37,
        38,
        39,
        40,
        41,
        42,
        43,
        44,
        45,
        46,
        47,
        48,
        49,
        50,
        51,
        52,
        53,
        54,
        55,
        56,
        57,
        58,
        59,
        60,
        61,
        62,
        63,
        64,
        65,
        66,
        67,
        68,
        69,
        70,
        71,
        72,
        73,
        74,
        75,
        76,
        77,
        78,
        79,
        80,
        81,
        82,
        83,
        84,
        85,
        86,
        87,
        88,
        89,
        90,
        91,
        92,
        93,
        94,
        95,
        96,
        97,
        98,
        99
    ],
    "columns": [
        "x",
        "low",
        "high"
    ],
    "data": [
        [
            0.01,
            3931.25,
            26593.75
        ],
        [
            0.02,
            7862.5,
            53187.5
        ],
        [
            0.03,
            11793.75,
            79781.25
        ],
        [
            0.04,
            15725.0,
            159562.5
        ],
        [
            0.05,
            19656.25,
            199453.125
        ],
        [
            0.06,
            23587.5,
            239343.75
        ],
        [
            0.07,
            27518.75,
            279234.37500000006
        ],
        [
            0.08,
            31450.0,
            319125.0
        ],
        [
            0.09,
            35381.25,
            359015.625
        ],
        [
            0.1,
            39312.5,
            398906.25
        ],
        [
            0.11,
            43243.75,
            438796.875
        ],
        [
            0.12,
            47175.0,
            478687.5
        ],
        [
            0.13,
            51106.25,
            518578.125
        ],
        [
            0.14,
            55037.5,
            558468.7500000001
        ],
        [
            0.15,
            58968.75,
            598359.375
        ],
        [
            0.16,
            62900.0,
            638250.0
        ],
        [
            0.17,
            66831.25,
            678140.625
        ],
        [
            0.18,
            70762.5,
            718031.25
        ],
        [
            0.19,
            74693.75,
            757921.875
        ],
        [
            0.2,
            78625.0,
            797812.5
        ],
        [
            0.21,
            82556.25,
            837703.125
        ],
        [
            0.22,
            86487.5,
            877593.75
        ],
        [
            0.23,
            90418.75,
            917484.375
        ],
        [
            0.24,
            141525.0,
            957375.0
        ],
        [
            0.25,
            147421.875,
            997265.625
        ],
        [
            0.26,
            153318.75,
            1037156.25
        ],
        [
            0.27,
            159215.625,
            1077046.8750000002
        ],
        [
            0.28,
            165112.5,
            1116937.5000000002
        ],
        [
            0.29,
            171009.375,
            1156828.125
        ],
        [
            0.3,
            176906.25,
            1196718.75
        ],
        [
            0.31,
            182803.125,
            1236609.375
        ],
        [
            0.32,
            188700.0,
            1276500.0
        ],
        [
            0.33,
            194596.875,
            1316390.625
        ],
        [
            0.34,
            200493.75,
            1356281.25
        ],
        [
            0.35000000000000003,
            206390.62500000003,
            1396171.8750000002
        ],
        [
            0.36,
            212287.5,
            1436062.5
        ],
        [
            0.37,
            218184.375,
            1475953.125
        ],
        [
            0.38,
            224081.25,
            1515843.75
        ],
        [
            0.39,
            229978.125,
            1555734.375
        ],
        [
            0.4,
            235875.0,
            1595625.0
        ],
        [
            0.41000000000000003,
            241771.87500000003,
            1635515.625
        ],
        [
            0.42,
            247668.75,
            1675406.25
        ],
        [
            0.43,
            253565.625,
            1715296.875
        ],
        [
            0.44,
            259462.5,
            1755187.5
        ],
        [
            0.45,
            265359.375,
            1795078.125
        ],
        [
            0.46,
            271256.25,
            1834968.75
        ],
        [
            0.47000000000000003,
            277153.12500000006,
            1874859.375
        ],
        [
            0.48,
            283050.0,
            1914750.0
        ],
        [
            0.49,
            288946.875,
            1954640.625
        ],
        [
            0.5,
            294843.75,
            1994531.25
        ],
        [
            0.51,
            300740.625,
            2034421.875
        ],
        [
            0.52,
            306637.5,
            2074312.5
        ],
        [
            0.53,
            312534.375,
            2114203.125
        ],
        [
            0.54,
            318431.25,
            2154093.7500000005
        ],
        [
            0.55,
            324328.125,
            2193984.3750000005
        ],
        [
            0.56,
            330225.0,
            2233875.0000000005
        ],
        [
            0.5700000000000001,
            336121.87500000006,
            2273765.625
        ],
        [
            0.58,
            342018.75,
            2313656.25
        ],
        [
            0.59,
            347915.625,
            2353546.875
        ],
        [
            0.6,
            353812.5,
            2393437.5
        ],
        [
            0.61,
            359709.375,
            2433328.125
        ],
        [
            0.62,
            365606.25,
            2473218.75
        ],
        [
            0.63,
            371503.125,
            2513109.375
        ],
        [
            0.64,
            377400.0,
            2553000.0
        ],
        [
            0.65,
            383296.875,
            2592890.625
        ],
        [
            0.66,
            389193.75,
            2632781.25
        ],
        [
            0.67,
            395090.625,
            2672671.875
        ],
        [
            0.68,
            400987.5,
            2712562.5
        ],
        [
            0.6900000000000001,
            406884.37500000006,
            2752453.125
        ],
        [
            0.7000000000000001,
            412781.25000000006,
            2792343.7500000005
        ],
        [
            0.71,
            418678.125,
            2832234.375
        ],
        [
            0.72,
            424575.0,
            2872125.0
        ],
        [
            0.73,
            430471.875,
            2912015.625
        ],
        [
            0.74,
            436368.75,
            2951906.25
        ],
        [
            0.75,
            442265.625,
            2991796.875
        ],
        [
            0.76,
            448162.5,
            3031687.5
        ],
        [
            0.77,
            454059.375,
            3071578.125
