{
    "index": [
        0,
        1,
        2,
        3,
        4,
        5,
        6,
        7,
        8,
        9,
        10,
        11,
        12,
        13,
        14,
        15,
        16,
        17,
        18,
        19,
        20,
        21,
        22,
        23,
        24,
        25,
        26,
        27,
        28,
        29,
        30,
        31,
        32,
        33,
        34,
        35,
        36,
        37,
        38,
        39,
        40,
        41,
        42,
        43,
        44,
        45,
        46,
        47,
        48,
        49,
        50,
        51,
        52,
        53,
        54,
        55,
        56,
        57,
        58,
        59,
        60,
        61,
        62,
        63,
        64,
        65,
        66,
        67,
        68,
        69,
        70,
        71,
        72,
        73,
        74,
        75,
        76,
        77,
        78,
        79,
        80,
        81,
        82,
        83,
        84,
        85,
        86,
        87,
        88,
        89,
        90,
        91,
        92,
        93,
        94,
        95,
        96,
        97,
        98,
        99
    ],
    "columns": [
        "x",
        "low",
        "high"
    ],
    "data": [
        [
            0.01,
            975.0,
            1950.0
        ],
        [
            0.02,
            1950.0,
            3900.0
        ],
        [
            0.03,
            2925.0,
            5850.0
        ],
        [
            0.04,
            3900.0,
            7800.0
        ],
        [
            0.05,
            4875.0,
            9750.0
        ],
        [
            0.06,
            5850.0,
            11700.0
        ],
        [
            0.07,
            6825.000000000001,
            13650.000000000002
        ],
        [
            0.08,
            7800.0,
            15600.0
        ],
        [
            0.09,
            8775.0,
            17550.0
        ],
        [
            0.1,
            9750.0,
            19500.0
        ],
        [
            0.11,
            10725.0,
            21450.0
        ],
        [
            0.12,
            11700.0,
            23400.0
        ],
        [
            0.13,
            12675.0,
            25350.0
        ],
        [
            0.14,
            13650.000000000002,
            27300.000000000004
        ],
        [
            0.15,
            14625.0,
            29250.0
        ],
        [
            0.16,
            15600.0,
            31200.0
        ],
        [
            0.17,
            16575.000000000004,
            49725.00000000001
        ],
        [
            0.18,
            17550.0,
            52650.0
        ],
        [
            0.19,
            18525.0,
            55575.0
        ],
        [
            0.2,
            19500.0,
            58500.0
        ],
        [
            0.21,
            20475.0,
            61425.0
        ],
        [
            0.22,
            21450.0,
            64350.0
        ],
        [
            0.23,
            22425.0,
            67275.0
        ],
        [
            0.24,
            23400.0,
            70200.0
        ],
        [
            0.25,
            24375.0,
            73125.0
        ],
        [
            0.26,
            25350.0,
            76050.0
        ],
        [
            0.27,
            26325.0,
            78975.0
        ],
        [
            0.28,
            27300.000000000004,
            81900.00000000001
        ],
        [
            0.29,
            28274.999999999996,
            84824.99999999999
        ],
        [
            0.3,
            29250.0,
            87750.0
        ],
        [
            0.31,
            30225.0,
            90675.0
        ],
        [
            0.32,
            31200.0,
            93600.0
        ],
        [
            0.33,
            32175.0,
            96525.0
        ],
        [
            0.34,
            49725.00000000001,
            99450.00000000001
        ],
        [
            0.35000000000000003,
            51187.5,
            102375.0
        ],
        [
            0.36,
            52650.0,
            105300.0
        ],
        [
            0.37,
            54112.5,
            108225.0
        ],
        [
            0.38,
            55575.0,
            111150.0
        ],
        [
            0.39,
            57037.5,
            114075.0
        ],
        [
            0.4,
            58500.0,
            117000.0
        ],
        [
            0.41000000000000003,
            59962.5,
            119925.0
        ],
        [
            0.42,
            61425.0,
            122850.0
        ],
        [
            0.43,
            62887.5,
            125775.0
        ],
        [
            0.44,
            64350.0,
            128700.0
        ],
        [
            0.45,
            65812.5,
            131625.0
        ],
        [
            0.46,
            67275.0,
            134550.0
        ],
        [
            0.47000000000000003,
            68737.5,
            137475.0
        ],
        [
            0.48,
            70200.0,
            140400.0
        ],
        [
            0.49,
            71662.5,
            143325.0
        ],
        [
            0.5,
            73125.0,
            146250.0
        ],
        [
            0.51,
            74587.5,
            149175.0
        ],
        [
            0.52,
            76050.0,
            152100.0
        ],
        [
            0.53,
            77512.5,
            155025.0
        ],
        [
            0.54,
            78975.0,
            157950.0
        ],
        [
            0.55,
            80437.50000000001,
            160875.00000000003
        ],
        [
            0.56,
            81900.00000000001,
            163800.00000000003
        ],
        [
            0.5700000000000001,
            83362.50000000001,
            166725.00000000003
        ],
        [
            0.58,
            84824.99999999999,
            169649.99999999997
        ],
        [
            0.59,
            86287.5,
            172575.0
        ],
        [
            0.6,
            87750.0,
            175500.0
        ],
        [
            0.61,
            89212.5,
            178425.0
        ],
        [
            0.62,
            90675.0,
            181350.0
        ],
        [
            0.63,
            92137.5,
            184275.0
        ],
        [
            0.64,
            93600.0,
            187200.0
        ],
        [
            0.65,
            95062.5,
            190125.0
        ],
        [
            0.66,
            96525.0,
            193050.0
        ],
        [
            0.67,
            97987.50000000001,
            195975.00000000003
        ],
        [
            0.68,
            99450.00000000001,
            198900.00000000003
        ],
        [
            0.6900000000000001,
            100912.5,
            201825.0
        ],
        [
            0.7000000000000001,
            102375.0,
            204750.0
        ],
        [
            0.71,
            103837.5,
            207675.0
        ],
        [
            0.72,
            105300.0,
            210600.0
        ],
        [
            0.73,
            106762.5,
            213525.0
        ],
        [
            0.74,
            108225.0,
            216450.0
        ],
        [
            0.75,
            109687.5,
            219375.0
        ],
        [
            0.76,
            111150.0,
            222300.0
        ],
        [
            0.77,
            112612.5,
            225225.0
        ],
        [
            0.78,
            114075.0,
            228150.0
        ],
        [
            0.79,
            115537.5,
            231075.0
        ],
        [
