{
    "index": [
        0,
        1,
        2,
        3,
        4,
        5,
        6,
        7,
        8,
        9,
        10,
        11,
        12,
        13,
        14,
        15,
        16,
        17,
        18,
        19,
        20,
        21,
        22,
        23,
        24,
        25,
        26,
        27,
        28,
        29,
        30,
        31,
        32,
        33,
        34,
        35,
        36,
        37,
        38,
        39,
        40,
        41,
        42,
        43,
        44,
        45,
        46,
        47,
        48,
        49,
        50,
        51,
        52,
        53,
        54,
        55,
        56,
        57,
        58,
        59,
        60,
        61,
        62,
        63,
        64,
        65,
        66,
        67,
        68,
        69,
        70,
        71,
        72,
        73,
        74,
        75,
        76,
        77,
        78,
        79,
        80,
        81,
        82,
        83,
        84,
        85,
        86,
        87,
        88,
        89,
        90,
        91,
        92,
        93,
        94,
        95,
        96,
        97,
        98,
        99
    ],
    "columns": [
        "x",
        "low",
        "high"
    ],
    "data": [
        [
            0.01,
            157462.5,
            429093.75
        ],
        [
            0.02,
            314925.0,
            858187.5
        ],
        [
            0.03,
            472387.5,
            1287281.25
        ],
        [
            0.04,
            629850.0,
            1716375.0
        ],
        [
            0.05,
            787312.5,
            2145468.75
        ],
        [
            0.06,
            944775.0,
            2574562.5
        ],
        [
            0.07,
            1102237.5,
            3003656.2500000005
        ],
        [
            0.08,
            1259700.0,
            3432750.0
        ],
        [
            0.09,
            1417162.5,
            3861843.75
        ],
        [
            0.1,
            1574625.0,
            4290937.5
        ],
        [
            0.11,
            1732087.5,
            4720031.25
        ],
        [
            0.12,
            1889550.0,
            5149125.0
        ],
        [
            0.13,
            2047012.5,
            5578218.75
        ],
        [
            0.14,
            2204475.0,
            6007312.500000001
        ],
        [
            0.15,
            2361937.5,
            6436406.25
        ],
        [
            0.16,
            2519400.0,
            6865500.0
        ],
        [
            0.17,
            2676862.5,
            7294593.750000001
        ],
        [
            0.18,
            2834325.0,
            7723687.5
        ],
        [
            0.19,
            2991787.5,
            8152781.25
        ],
        [
            0.2,
            3149250.0,
            8581875.0
        ],
        [
            0.21,
            3306712.5,
            9010968.75
        ],
        [
            0.22,
            3464175.0,
            9440062.5
        ],
        [
            0.23,
            3621637.5,
            9869156.25
        ],
        [
            0.24,
            3779100.0,
            10298250.0
        ],
        [
            0.25,
            3936562.5,
            10727343.75
        ],
        [
            0.26,
            4094025.0,
            11156437.5
        ],
        [
            0.27,
            4251487.5,
            11585531.25
        ],
        [
            0.28,
            4408950.0,
            12014625.000000002
        ],
        [
            0.29,
            4566412.5,
            12443718.75
        ],
        [
            0.3,
            4723875.0,
            12872812.5
        ],
        [
            0.31,
            4881337.5,
            13301906.25
        ],
        [
            0.32,
            5038800.0,
            13731000.0
        ],
        [
            0.33,
            5196262.5,
            14160093.75
        ],
        [
            0.34,
            5353725.0,
            14589187.500000002
        ],
        [
            0.35000000000000003,
            5511187.500000001,
            15018281.250000002
        ],
        [
            0.36,
            5668650.0,
            15447375.0
        ],
        [
            0.37,
            5826112.5,
            15876468.75
        ],
        [
            0.38,
            5983575.0,
            16305562.5
        ],
        [
            0.39,
            6141037.5,
            16734656.25
        ],
        [
            0.4,
            6298500.0,
            17163750.0
        ],
        [
            0.41000000000000003,
            6455962.500000001,
            17592843.75
        ],
        [
            0.42,
            6613425.0,
            18021937.5
        ],
        [
            0.43,
            6770887.5,
            18451031.25
        ],
        [
            0.44,
            6928350.0,
            18880125.0
        ],
        [
            0.45,
            7085812.5,
            19309218.75
        ],
        [
            0.46,
            7243275.0,
            19738312.5
        ],
        [
            0.47000000000000003,
            7400737.500000001,
            20167406.25
        ],
        [
            0.48,
            7558200.0,
            20596500.0
        ],
        [
            0.49,
            7715662.5,
            21025593.75
        ],
        [
            0.5,
            7873125.0,
            21454687.5
        ],
        [
            0.51,
            8030587.5,
            21883781.25
        ],
        [
            0.52,
            8188050.0,
            22312875.0
        ],
        [
            0.53,
            8345512.5,
            22741968.75
        ],
        [
            0.54,
            8502975.0,
            23171062.5
        ],
        [
            0.55,
            8660437.5,
            23600156.250000004
        ],
        [
            0.56,
            8817900.0,
            24029250.000000004
        ],
        [
            0.5700000000000001,
            8975362.500000002,
            24458343.750000004
        ],
        [
            0.58,
            9132825.0,
            24887437.5
        ],
        [
            0.59,
            9290287.5,
            25316531.25
        ],
        [
            0.6,
            9447750.0,
            25745625.0
        ],
        [
            0.61,
            9605212.5,
            26174718.75
        ],
        [
            0.62,
            9762675.0,
            26603812.5
        ],
        [
            0.63,
            9920137.5,
            27032906.25
        ],
        [
            0.64,
            10077600.0,
            27462000.0
        ],
        [
            0.65,
            10235062.5,
            27891093.75
        ],
        [
            0.66,
            10392525.0,
            28320187.5
        ],
        [
            0.67,
            10549987.5,
            28749281.25
        ],
        [
            0.68,
            10707450.0,
            29178375.000000004
        ],
        [
            0.6900000000000001,
            10864912.500000002,
            29607468.750000004
        ],
        [
            0.7000000000000001,
            11022375.000000002,
            30036562.500000004
        ],
        [
            0.71,
            11179837.5,
            30465656.25
        ],
        [
            0.72,
            11337300.0,
            30894750.0
        ],
        [
            0.73,
            11494762.5,
            31323843.75
        ],
        [
            0.74,
            11652225.0,
            31752937.5
        ],
        [
            0.75,
            11809687.5,
            32182031.25
        ],
        [
            0.76,
            11967150.0,
            32611125.0
        ],
