{
    "index": [
        0,
        1,
        2,
        3,
        4,
        5,
        6,
        7,
        8,
        9,
        10,
        11,
        12,
        13,
        14,
        15,
        16,
        17,
        18,
        19,
        20,
        21,
        22,
        23,
        24,
        25,
        26,
        27,
        28,
        29,
        30,
        31,
        32,
        33,
        34,
        35,
        36,
        37,
        38,
        39,
        40,
        41,
        42,
        43,
        44,
        45,
        46,
        47,
        48,
        49,
        50,
        51,
        52,
        53,
        54,
        55,
        56,
        57,
        58,
        59,
        60,
        61,
        62,
        63,
        64,
        65,
        66,
        67,
        68,
        69,
        70,
        71,
        72,
        73,
        74,
        75,
        76,
        77,
        78,
        79,
        80,
        81,
        82,
        83,
        84,
        85,
        86,
        87,
        88,
        89,
        90,
        91,
        92,
        93,
        94,
        95,
        96,
        97,
        98,
        99
    ],
    "columns": [
        "x",
        "low",
        "high"
    ],
    "data": [
        [
            0.01,
            6375.0,
            9525.0
        ],
        [
            0.02,
            12750.0,
            19050.0
        ],
        [
            0.03,
            19125.0,
            28575.0
        ],
        [
            0.04,
            25500.0,
            38100.0
        ],
        [
            0.05,
            31875.0,
            47625.0
        ],
        [
            0.06,
            38250.0,
            57150.0
        ],
        [
            0.07,
            44625.00000000001,
            66675.0
        ],
        [
            0.08,
            51000.0,
            76200.0
        ],
        [
            0.09,
            57375.0,
            85725.0
        ],
        [
            0.1,
            63750.0,
            95250.0
        ],
        [
            0.11,
            70125.0,
            104775.0
        ],
        [
            0.12,
            76500.0,
            114300.0
        ],
        [
            0.13,
            82875.0,
            123825.0
        ],
        [
            0.14,
            89250.00000000001,
            133350.0
        ],
        [
            0.15,
            95625.0,
            142875.0
        ],
        [
            0.16,
            102000.0,
            152400.0
        ],
        [
            0.17,
            108375.00000000001,
            161925.0
        ],
        [
            0.18,
            114750.0,
            171450.0
        ],
        [
            0.19,
            121125.0,
            180975.0
        ],
        [
            0.2,
            127500.0,
            190500.0
        ],
        [
            0.21,
            133875.0,
            200025.0
        ],
        [
            0.22,
            140250.0,
            209550.0
        ],
        [
            0.23,
            146625.0,
            219075.0
        ],
        [
            0.24,
            153000.0,
            228600.0
        ],
        [
            0.25,
            159375.0,
            238125.0
        ],
        [
            0.26,
            165750.0,
            247650.0
        ],
        [
            0.27,
            172125.0,
            257175.0
        ],
        [
            0.28,
            178500.00000000003,
            266700.0
        ],
        [
            0.29,
            184875.0,
            276225.0
        ],
        [
            0.3,
            191250.0,
            285750.0
        ],
        [
            0.31,
            197625.0,
            295275.0
        ],
        [
            0.32,
            204000.0,
            304800.0
        ],
        [
            0.33,
            210375.0,
            314325.0
        ],
        [
            0.34,
            216750.00000000003,
            323850.0
        ],
        [
            0.35000000000000003,
            223125.00000000003,
            333375.00000000006
        ],
        [
            0.36,
            229500.0,
            342900.0
        ],
        [
            0.37,
            235875.0,
            352425.0
        ],
        [
            0.38,
            242250.0,
            361950.0
        ],
        [
            0.39,
            248625.0,
            371475.0
        ],
        [
            0.4,
            255000.0,
            381000.0
        ],
        [
            0.41000000000000003,
            261375.0,
            390525.00000000006
        ],
        [
            0.42,
            267750.0,
            400050.0
        ],
        [
            0.43,
            274125.0,
            409575.0
        ],
        [
            0.44,
            280500.0,
            419100.0
        ],
        [
            0.45,
            286875.0,
            428625.0
        ],
        [
            0.46,
            293250.0,
            438150.0
        ],
        [
            0.47000000000000003,
            299625.0,
            447675.00000000006
        ],
        [
            0.48,
            306000.0,
            457200.0
        ],
        [
            0.49,
            312375.0,
            466725.0
        ],
        [
            0.5,
            318750.0,
            476250.0
        ],
        [
            0.51,
            325125.0,
            485775.0
        ],
        [
            0.52,
            331500.0,
            495300.0
        ],
        [
            0.53,
            337875.0,
            504825.0
        ],
        [
            0.54,
            344250.0,
            514350.0
        ],
        [
            0.55,
            350625.00000000006,
            523875.0
        ],
        [
            0.56,
            357000.00000000006,
            533400.0
        ],
        [
            0.5700000000000001,
            363375.00000000006,
            542925.0000000001
        ],
        [
            0.58,
            369750.0,
            552450.0
        ],
        [
            0.59,
            376125.0,
            561975.0
        ],
        [
            0.6,
            382500.0,
            571500.0
        ],
        [
            0.61,
            388875.0,
            581025.0
        ],
        [
            0.62,
            395250.0,
            590550.0
        ],
        [
            0.63,
            401625.0,
            600075.0
        ],
        [
            0.64,
            408000.0,
            609600.0
        ],
        [
            0.65,
            414375.0,
            619125.0
        ],
        [
            0.66,
            420750.0,
            628650.0
        ],
        [
            0.67,
            427125.0,
            638175.0
        ],
        [
            0.68,
            433500.00000000006,
            647700.0
        ],
        [
            0.6900000000000001,
            439875.00000000006,
            657225.0000000001
        ],
        [
            0.7000000000000001,
            446250.00000000006,
            666750.0000000001
        ],
        [
            0.71,
            452625.0,
            676275.0
        ],
        [
            0.72,
            459000.0,
            685800.0
        ],
        [
            0.73,
            465375.0,
            695325.0
        ],
        [
            0.74,
            471750.0,
            704850.0
        ],
        [
            0.75,
            478125.0,
            714375.0
        ],
        [
            0.76,
            484500.0,
            723900.0
        ],
        [
            0.77,
            490875.0,
            733425.0
        ],
        [
            0.78,
            497250.0,
            742950.0
        ],
        [
            0.79,
            503625.0,
            752475.0
