{
    "index": [
        0,
        1,
        2,
        3,
        4,
        5,
        6,
        7,
        8,
        9,
        10,
        11,
        12,
        13,
        14,
        15,
        16,
        17,
        18,
        19,
        20,
        21,
        22,
        23,
        24,
        25,
        26,
        27,
        28,
        29,
        30,
        31,
        32,
        33,
        34,
        35,
        36,
        37,
        38,
        39,
        40,
        41,
        42,
        43,
        44,
        45,
        46,
        47,
        48,
        49,
        50,
        51,
        52,
        53,
        54,
        55,
        56,
        57,
        58,
        59,
        60,
        61,
        62,
        63,
        64,
        65,
        66,
        67,
        68,
        69,
        70,
        71,
        72,
        73,
        74,
        75,
        76,
        77,
        78,
        79,
        80,
        81,
        82,
        83,
        84,
        85,
        86,
        87,
        88,
        89,
        90,
        91,
        92,
        93,
        94,
        95,
        96,
        97,
        98,
        99
    ],
    "columns": [
        "x",
        "low",
        "high"
    ],
    "data": [
        [
            0.01,
            15746250.0,
            15857812.5
        ],
        [
            0.02,
            31492500.0,
            31715625.0
        ],
        [
            0.03,
            47238750.0,
            47573437.5
        ],
        [
            0.04,
            62985000.0,
            63431250.0
        ],
        [
            0.05,
            78731250.0,
            79289062.5
        ],
        [
            0.06,
            94477500.0,
            95146875.0
        ],
        [
            0.07,
            110223750.00000001,
            111004687.50000001
        ],
        [
            0.08,
            125970000.0,
            126862500.0
        ],
        [
            0.09,
            141716250.0,
            142720312.5
        ],
        [
            0.1,
            157462500.0,
            158578125.0
        ],
        [
            0.11,
            173208750.0,
            174435937.5
        ],
        [
            0.12,
            188955000.0,
            190293750.0
        ],
        [
            0.13,
            204701250.0,
            206151562.5
        ],
        [
            0.14,
            220447500.00000003,
            222009375.00000003
        ],
        [
            0.15,
            236193750.0,
            237867187.5
        ],
        [
            0.16,
            251940000.0,
            253725000.0
        ],
        [
            0.17,
            267686250.0,
            269582812.5
        ],
        [
            0.18,
            283432500.0,
            285440625.0
        ],
        [
            0.19,
            299178750.0,
            301298437.5
        ],
        [
            0.2,
            314925000.0,
            317156250.0
        ],
        [
            0.21,
            330671250.0,
            333014062.5
        ],
        [
            0.22,
            346417500.0,
            348871875.0
        ],
        [
            0.23,
            362163750.0,
            364729687.5
        ],
        [
            0.24,
            377910000.0,
            380587500.0
        ],
        [
            0.25,
            393656250.0,
            396445312.5
        ],
        [
            0.26,
            409402500.0,
            412303125.0
        ],
        [
            0.27,
            425148750.00000006,
            428160937.50000006
        ],
        [
            0.28,
            440895000.00000006,
            444018750.00000006
        ],
        [
            0.29,
            456641249.99999994,
            459876562.49999994
        ],
        [
            0.3,
            472387500.0,
            475734375.0
        ],
        [
            0.31,
            488133750.0,
            491592187.5
        ],
        [
            0.32,
            503880000.0,
            507450000.0
        ],
        [
            0.33,
            519626250.0,
            523307812.5
        ],
        [
            0.34,
            535372500.0,
            539165625.0
        ],
        [
            0.35000000000000003,
            551118750.0,
            555023437.5
        ],
        [
            0.36,
            566865000.0,
            570881250.0
        ],
        [
            0.37,
            582611250.0,
            586739062.5
        ],
        [
            0.38,
            598357500.0,
            602596875.0
        ],
        [
            0.39,
            614103750.0,
            618454687.5
        ],
        [
            0.4,
            629850000.0,
            634312500.0
        ],
        [
            0.41000000000000003,
            645596250.0,
            650170312.5
        ],
        [
            0.42,
            661342500.0,
            666028125.0
        ],
        [
            0.43,
            677088750.0,
            681885937.5
        ],
        [
            0.44,
            692835000.0,
            697743750.0
        ],
        [
            0.45,
            708581250.0,
            713601562.5
        ],
        [
            0.46,
            724327500.0,
            729459375.0
        ],
        [
            0.47000000000000003,
            740073750.0,
            745317187.5
        ],
        [
            0.48,
            755820000.0,
            761175000.0
        ],
        [
            0.49,
            771566250.0,
            777032812.5
        ],
        [
            0.5,
            787312500.0,
            792890625.0
        ],
        [
            0.51,
            803058750.0,
            808748437.5
        ],
        [
            0.52,
            818805000.0,
            824606250.0
        ],
        [
            0.53,
            834551250.0,
            840464062.5
        ],
        [
            0.54,
            850297500.0000001,
            856321875.0000001
        ],
        [
            0.55,
            866043750.0000001,
            872179687.5000001
        ],
        [
            0.56,
            881790000.0000001,
            888037500.0000001
        ],
        [
            0.5700000000000001,
            897536250.0000001,
            903895312.5000001
        ],
        [
            0.58,
            913282499.9999999,
            919753124.9999999
        ],
        [
            0.59,
            929028750.0,
            935610937.5
        ],
        [
            0.6,
            944775000.0,
            951468750.0
        ],
        [
            0.61,
            960521250.0,
            967326562.5
        ],
        [
            0.62,
            976267500.0,
            983184375.0
        ],
        [
            0.63,
            992013750.0,
            999042187.5
        ],
        [
            0.64,
            1007760000.0,
            1014900000.0
        ],
        [
            0.65,
            1023506250.0,
            1030757812.5
        ],
        [
            0.66,
            1039252500.0,
            1046615625.0
        ],
        [
            0.67,
            1054998750.0,
            1062473437.5
        ],
        [
            0.68,
            1070745000.0,
            1078331250.0
        ],
        [
            0.6900000000000001,
            1086491250.0,
            1094189062.5
        ],
        [
            0.7000000000000001,
            1102237500.0,
            1110046875.0
        ],
        [
            0.71,
            1117983750.0,
            1125904687.5
        ],
        [
            0.72,
            1133730000.0,
            1141762500.0
        ],
        [
            0.73,
            1149476250.0,
            1157620312.5
        ],
        [
            0.74,
            1165222500.0,
