{
    "index": [
        0,
        1,
        2,
        3,
        4,
        5,
        6,
        7,
        8,
        9,
        10,
        11,
        12,
        13,
        14,
        15,
        16,
        17,
        18,
        19,
        20,
        21,
        22,
        23,
        24,
        25,
        26,
        27,
        28,
        29,
        30,
        31,
        32,
        33,
        34,
        35,
        36,
        37,
        38,
        39,
        40,
        41,
        42,
        43,
        44,
        45,
        46,
        47,
        48,
        49,
        50,
        51,
        52,
        53,
        54,
        55,
        56,
        57,
        58,
        59,
        60,
        61,
        62,
        63,
        64,
        65,
        66,
        67,
        68,
        69,
        70,
        71,
        72,
        73,
        74,
        75,
        76,
        77,
        78,
        79,
        80,
        81,
        82,
        83,
        84,
        85,
        86,
        87,
        88,
        89,
        90,
        91,
        92,
        93,
        94,
        95,
        96,
        97,
        98,
        99
    ],
    "columns": [
        "x",
        "low",
        "high"
    ],
    "data": [
        [
            0.01,
            975.0,
            2275.0
        ],
        [
            0.02,
            1950.0,
            4550.0
        ],
        [
            0.03,
            2925.0,
            6825.0
        ],
        [
            0.04,
            3900.0,
            9100.0
        ],
        [
            0.05,
            4875.0,
            11375.0
        ],
        [
            0.06,
            5850.0,
            13650.0
        ],
        [
            0.07,
            6825.000000000001,
            15925.000000000002
        ],
        [
            0.08,
            7800.0,
            18200.0
        ],
        [
            0.09,
            8775.0,
            20475.0
        ],
        [
            0.1,
            9750.0,
            22750.0
        ],
        [
            0.11,
            10725.0,
            25025.0
        ],
        [
            0.12,
            11700.0,
            27300.0
        ],
        [
            0.13,
            12675.0,
            29575.0
        ],
        [
            0.14,
            13650.000000000002,
            31850.000000000004
        ],
        [
            0.15,
            14625.0,
            51187.5
        ],
        [
            0.16,
            15600.0,
            54600.0
        ],
        [
            0.17,
            16575.000000000004,
            58012.5
        ],
        [
            0.18,
            17550.0,
            61425.0
        ],
        [
            0.19,
            18525.0,
            64837.5
        ],
        [
            0.2,
            19500.0,
            68250.0
        ],
        [
            0.21,
            20475.0,
            71662.5
        ],
        [
            0.22,
            21450.0,
            75075.0
        ],
        [
            0.23,
            22425.0,
            78487.5
        ],
        [
            0.24,
            23400.0,
            81900.0
        ],
        [
            0.25,
            24375.0,
            85312.5
        ],
        [
            0.26,
            25350.0,
            88725.0
        ],
        [
            0.27,
            26325.0,
            92137.50000000001
        ],
        [
            0.28,
            27300.000000000004,
            95550.00000000001
        ],
        [
            0.29,
            28274.999999999996,
            98962.49999999999
        ],
        [
            0.3,
            29250.0,
            102375.0
        ],
        [
            0.31,
            30225.0,
            105787.5
        ],
        [
            0.32,
            31200.0,
            109200.0
        ],
        [
            0.33,
            32175.0,
            112612.5
        ],
        [
            0.34,
            49725.00000000001,
            116025.0
        ],
        [
            0.35000000000000003,
            51187.5,
            119437.50000000003
        ],
        [
            0.36,
            52650.0,
            122850.0
        ],
        [
            0.37,
            54112.5,
            126262.5
        ],
        [
            0.38,
            55575.0,
            129675.0
        ],
        [
            0.39,
            57037.5,
            133087.5
        ],
        [
            0.4,
            58500.0,
            136500.0
        ],
        [
            0.41000000000000003,
            59962.5,
            139912.5
        ],
        [
            0.42,
            61425.0,
            143325.0
        ],
        [
            0.43,
            62887.5,
            146737.5
        ],
        [
            0.44,
            64350.0,
            150150.0
        ],
        [
            0.45,
            65812.5,
            153562.5
        ],
        [
            0.46,
            67275.0,
            156975.0
        ],
        [
            0.47000000000000003,
            68737.5,
            160387.5
        ],
        [
            0.48,
            70200.0,
            163800.0
        ],
        [
            0.49,
            71662.5,
            167212.5
        ],
        [
            0.5,
            73125.0,
            170625.0
        ],
        [
            0.51,
            74587.5,
            174037.5
        ],
        [
            0.52,
            76050.0,
            177450.0
        ],
        [
            0.53,
            77512.5,
            180862.5
        ],
        [
            0.54,
            78975.0,
            184275.00000000003
        ],
        [
            0.55,
            80437.50000000001,
            187687.50000000003
        ],
        [
            0.56,
            81900.00000000001,
            191100.00000000003
        ],
        [
            0.5700000000000001,
            83362.50000000001,
            194512.50000000003
        ],
        [
            0.58,
            84824.99999999999,
            197924.99999999997
        ],
        [
            0.59,
            86287.5,
            201337.5
        ],
        [
            0.6,
            87750.0,
            204750.0
        ],
        [
            0.61,
            89212.5,
            208162.5
        ],
        [
            0.62,
            90675.0,
            211575.0
        ],
        [
            0.63,
            92137.5,
            214987.5
        ],
        [
            0.64,
            93600.0,
            218400.0
        ],
        [
            0.65,
            95062.5,
            221812.5
        ],
        [
            0.66,
            96525.0,
            225225.0
        ],
        [
            0.67,
            97987.50000000001,
            228637.5
        ],
        [
            0.68,
            99450.00000000001,
            232050.0
        ],
        [
            0.6900000000000001,
            100912.5,
            235462.5
        ],
        [
            0.7000000000000001,
            102375.0,
            238875.00000000006
        ],
        [
            0.71,
            103837.5,
            242287.5
        ],
        [
            0.72,
            105300.0,
            245700.0
        ],
        [
            0.73,
            106762.5,
            249112.5
        ],
        [
            0.74,
            108225.0,
            252525.0
        ],
        [
            0.75,
            109687.5,
            255937.5
        ],
        [
            0.76,
            111150.0,
            259350.0
        ],
        [
            0.77,
            112612.5,
            262762.5
        ],
        [
            0.78,
            114075.0,
            266175.0
        ],
        [
            0.79,
            115537.5,
            269587.5
        ],
        [
