{
    "index": [
        0,
        1,
        2,
        3,
        4,
        5,
        6,
        7,
        8,
        9,
        10,
        11,
        12,
        13,
        14,
        15,
        16,
        17,
        18,
        19,
        20,
        21,
        22,
        23,
        24,
        25,
        26,
        27,
        28,
        29,
        30,
        31,
        32,
        33,
        34,
        35,
        36,
        37,
        38,
        39,
        40,
        41,
        42,
        43,
        44,
        45,
        46,
        47,
        48,
        49,
        50,
        51,
        52,
        53,
        54,
        55,
        56,
        57,
        58,
        59,
        60,
        61,
        62,
        63,
        64,
        65,
        66,
        67,
        68,
        69,
        70,
        71,
        72,
        73,
        74,
        75,
        76,
        77,
        78,
        79,
        80,
        81,
        82,
        83,
        84,
        85,
        86,
        87,
        88,
        89,
        90,
        91,
        92,
        93,
        94,
        95,
        96,
        97,
        98,
        99
    ],
    "columns": [
        "x",
        "low",
        "high"
    ],
    "data": [
        [
            0.01,
            690.625,
            5606.25
        ],
        [
            0.02,
            1381.25,
            11212.5
        ],
        [
            0.03,
            2071.875,
            16818.75
        ],
        [
            0.04,
            2762.5,
            22425.0
        ],
        [
            0.05,
            3453.125,
            28031.25
        ],
        [
            0.06,
            4143.75,
            50456.25
        ],
        [
            0.07,
            4834.375,
            58865.625000000015
        ],
        [
            0.08,
            5525.0,
            67275.0
        ],
        [
            0.09,
            6215.625,
            75684.375
        ],
        [
            0.1,
            6906.25,
            84093.75
        ],
        [
            0.11,
            7596.875,
            92503.125
        ],
        [
            0.12,
            8287.5,
            100912.5
        ],
        [
            0.13,
            8978.125,
            109321.875
        ],
        [
            0.14,
            9668.75,
            117731.25000000003
        ],
        [
            0.15,
            10359.375,
            126140.625
        ],
        [
            0.16,
            11050.0,
            134550.0
        ],
        [
            0.17,
            11740.625,
            142959.375
        ],
        [
            0.18,
            12431.25,
            151368.75
        ],
        [
            0.19,
            13121.875,
            159778.125
        ],
        [
            0.2,
            13812.5,
            168187.5
        ],
        [
            0.21,
            14503.125,
            176596.875
        ],
        [
            0.22,
            15193.75,
            185006.25
        ],
        [
            0.23,
            15884.375,
            193415.625
        ],
        [
            0.24,
            16575.0,
            201825.0
        ],
        [
            0.25,
            17265.625,
            210234.375
        ],
        [
            0.26,
            17956.25,
            218643.75
        ],
        [
            0.27,
            18646.875,
            227053.125
        ],
        [
            0.28,
            19337.5,
            235462.50000000006
        ],
        [
            0.29,
            20028.125,
            243871.875
        ],
        [
            0.3,
            20718.75,
            252281.25
        ],
        [
            0.31,
            21409.375,
            260690.625
        ],
        [
            0.32,
            22100.0,
            269100.0
        ],
        [
            0.33,
            22790.625,
            277509.375
        ],
        [
            0.34,
            23481.25,
            285918.75
        ],
        [
            0.35000000000000003,
            24171.875000000004,
            294328.12500000006
        ],
        [
            0.36,
            24862.5,
            302737.5
        ],
        [
            0.37,
            25553.125,
            311146.875
        ],
        [
            0.38,
            26243.75,
            319556.25
        ],
        [
            0.39,
            26934.375,
            327965.625
        ],
        [
            0.4,
            27625.0,
            336375.0
        ],
        [
            0.41000000000000003,
            28315.625000000004,
            344784.37500000006
        ],
        [
            0.42,
            29006.25,
            353193.75
        ],
        [
            0.43,
            29696.875,
            361603.125
        ],
        [
            0.44,
            30387.5,
            370012.5
        ],
        [
            0.45,
            31078.125,
            378421.875
        ],
        [
            0.46,
            31768.75,
            386831.25
        ],
        [
            0.47000000000000003,
            32459.375000000004,
            395240.62500000006
        ],
        [
            0.48,
            49725.0,
            403650.0
        ],
        [
            0.49,
            50760.9375,
            412059.375
        ],
        [
            0.5,
            51796.875,
            420468.75
        ],
        [
            0.51,
            52832.8125,
            428878.125
        ],
        [
            0.52,
            53868.75,
            437287.5
        ],
        [
            0.53,
            54904.6875,
            445696.875
        ],
        [
            0.54,
            55940.625,
            454106.25
        ],
        [
            0.55,
            56976.5625,
            462515.625
        ],
        [
            0.56,
            58012.5,
            470925.0000000001
        ],
        [
            0.5700000000000001,
            59048.437500000015,
            479334.3750000001
        ],
        [
            0.58,
            60084.375,
            487743.75
        ],
        [
            0.59,
            61120.3125,
            496153.125
        ],
        [
            0.6,
            62156.25,
            504562.5
        ],
        [
            0.61,
            63192.1875,
            512971.875
        ],
        [
            0.62,
            64228.125,
            521381.25
        ],
        [
            0.63,
            65264.0625,
            529790.625
        ],
        [
            0.64,
            66300.0,
            538200.0
        ],
        [
            0.65,
            67335.9375,
            546609.375
        ],
        [
            0.66,
            68371.875,
            555018.75
        ],
        [
            0.67,
            69407.8125,
            563428.125
        ],
        [
            0.68,
            70443.75,
            571837.5
        ],
        [
            0.6900000000000001,
            71479.68750000001,
            580246.8750000001
        ],
        [
            0.7000000000000001,
            72515.62500000001,
            588656.2500000001
        ],
        [
            0.71,
            73551.5625,
            597065.625
        ],
        [
            0.72,
            74587.5,
            605475.0
        ],
        [
            0.73,
            75623.4375,
            613884.375
        ],
        [
            0.74,
            76659.375,
            622293.75
        ],
        [
            0.75,
            77695.3125,
            630703.125
        ],
        [
            0.76,
            78731.25,
            639112.5
        ],
        [
            0.77,
            79767.1875,
            647521.875
        ],
        [
            0.78,
            80803.125,
