{
    "index": [
        0,
        1,
        2,
        3,
        4,
        5,
        6,
        7,
        8,
        9,
        10,
        11,
        12,
        13,
        14,
        15,
        16,
        17,
        18,
        19,
        20,
        21,
        22,
        23,
        24,
        25,
        26,
        27,
        28,
        29,
        30,
        31,
        32,
        33,
        34,
        35,
        36,
        37,
        38,
        39,
        40,
        41,
        42,
        43,
        44,
        45,
        46,
        47,
        48,
        49,
        50,
        51,
        52,
        53,
        54,
        55,
        56,
        57,
        58,
        59,
        60,
        61,
        62,
        63,
        64,
        65,
        66,
        67,
        68,
        69,
        70,
        71,
        72,
        73,
        74,
        75,
        76,
        77,
        78,
        79,
        80,
        81,
        82,
        83,
        84,
        85,
        86,
        87,
        88,
        89,
        90,
        91,
        92,
        93,
        94,
        95,
        96,
        97,
        98,
        99
    ],
    "columns": [
        "x",
        "low",
        "high"
    ],
    "data": [
        [
            0.01,
            690.625,
            2071.875
        ],
        [
            0.02,
            1381.25,
            4143.75
        ],
        [
            0.03,
            2071.875,
            6215.625
        ],
        [
            0.04,
            2762.5,
            8287.5
        ],
        [
            0.05,
            3453.125,
            10359.375
        ],
        [
            0.06,
            4143.75,
            12431.25
        ],
        [
            0.07,
            4834.375,
            14503.125000000002
        ],
        [
            0.08,
            5525.0,
            16575.0
        ],
        [
            0.09,
            6215.625,
            18646.875
        ],
        [
            0.1,
            6906.25,
            20718.75
        ],
        [
            0.11,
            7596.875,
            22790.625
        ],
        [
            0.12,
            8287.5,
            24862.5
        ],
        [
            0.13,
            8978.125,
            26934.375
        ],
        [
            0.14,
            9668.75,
            29006.250000000004
        ],
        [
            0.15,
            10359.375,
            31078.125
        ],
        [
            0.16,
            11050.0,
            49725.0
        ],
        [
            0.17,
            11740.625,
            52832.8125
        ],
        [
            0.18,
            12431.25,
            55940.625
        ],
        [
            0.19,
            13121.875,
            59048.4375
        ],
        [
            0.2,
            13812.5,
            62156.25
        ],
        [
            0.21,
            14503.125,
            65264.0625
        ],
        [
            0.22,
            15193.75,
            68371.875
        ],
        [
            0.23,
            15884.375,
            71479.6875
        ],
        [
            0.24,
            16575.0,
            74587.5
        ],
        [
            0.25,
            17265.625,
            77695.3125
        ],
        [
            0.26,
            17956.25,
            80803.125
        ],
        [
            0.27,
            18646.875,
            83910.9375
        ],
        [
            0.28,
            19337.5,
            87018.75000000001
        ],
        [
            0.29,
            20028.125,
            90126.56249999999
        ],
        [
            0.3,
            20718.75,
            93234.375
        ],
        [
            0.31,
            21409.375,
            96342.1875
        ],
        [
            0.32,
            22100.0,
            99450.0
        ],
        [
            0.33,
            22790.625,
            102557.8125
        ],
        [
            0.34,
            23481.25,
            105665.625
        ],
        [
            0.35000000000000003,
            24171.875000000004,
            108773.4375
        ],
        [
            0.36,
            24862.5,
            111881.25
        ],
        [
            0.37,
            25553.125,
            114989.0625
        ],
        [
            0.38,
            26243.75,
            118096.875
        ],
        [
            0.39,
            26934.375,
            121204.6875
        ],
        [
            0.4,
            27625.0,
            124312.5
        ],
        [
            0.41000000000000003,
            28315.625000000004,
            127420.3125
        ],
        [
            0.42,
            29006.25,
            130528.125
        ],
        [
            0.43,
            29696.875,
            133635.9375
        ],
        [
            0.44,
            30387.5,
            136743.75
        ],
        [
            0.45,
            31078.125,
            139851.5625
        ],
        [
            0.46,
            31768.75,
            142959.375
        ],
        [
            0.47000000000000003,
            32459.375000000004,
            146067.1875
        ],
        [
            0.48,
            49725.0,
            149175.0
        ],
        [
            0.49,
            50760.9375,
            152282.8125
        ],
        [
            0.5,
            51796.875,
            155390.625
        ],
        [
            0.51,
            52832.8125,
            158498.4375
        ],
        [
            0.52,
            53868.75,
            161606.25
        ],
        [
            0.53,
            54904.6875,
            164714.0625
        ],
        [
            0.54,
            55940.625,
            167821.875
        ],
        [
            0.55,
            56976.5625,
            170929.68750000003
        ],
        [
            0.56,
            58012.5,
            174037.50000000003
        ],
        [
            0.5700000000000001,
            59048.437500000015,
            177145.31250000003
        ],
        [
            0.58,
            60084.375,
            180253.12499999997
        ],
        [
            0.59,
            61120.3125,
            183360.9375
        ],
        [
            0.6,
            62156.25,
            186468.75
        ],
        [
            0.61,
            63192.1875,
            189576.5625
        ],
        [
            0.62,
            64228.125,
            192684.375
        ],
        [
            0.63,
            65264.0625,
            195792.1875
        ],
        [
            0.64,
            66300.0,
            198900.0
        ],
        [
            0.65,
            67335.9375,
            202007.8125
        ],
        [
            0.66,
            68371.875,
            205115.625
        ],
        [
            0.67,
            69407.8125,
            208223.4375
        ],
        [
            0.68,
            70443.75,
            211331.25
        ],
        [
            0.6900000000000001,
            71479.68750000001,
            214439.0625
        ],
        [
            0.7000000000000001,
            72515.62500000001,
            217546.875
        ],
        [
            0.71,
            73551.5625,
            220654.6875
        ],
        [
            0.72,
            74587.5,
            223762.5
        ],
        [
            0.73,
            75623.4375,
            226870.3125
        ],
        [
            0.74,
            76659.375,
            229978.125
        ],
        [
            0.75,
            77695.3125,
            233085.9375
        ],
        [
            0.76,
            78731.25,
            236193.75
        ],
        [
            0.77,
            79767.1875,
            239301.5625
        ],
        [
            0.78,
