{
    "index": [
        0,
        1,
        2,
        3,
        4,
        5,
        6,
        7,
        8,
        9,
        10,
        11,
        12,
        13,
        14,
        15,
        16,
        17,
        18,
        19,
        20,
        21,
        22,
        23,
        24,
        25,
        26,
        27,
        28,
        29,
        30,
        31,
        32,
        33,
        34,
        35,
        36,
        37,
        38,
        39,
        40,
        41,
        42,
        43,
        44,
        45,
        46,
        47,
        48,
        49,
        50,
        51,
        52,
        53,
        54,
        55,
        56,
        57,
        58,
        59,
        60,
        61,
        62,
        63,
        64,
        65,
        66,
        67,
        68,
        69,
        70,
        71,
        72,
        73,
        74,
        75,
        76,
        77,
        78,
        79,
        80,
        81,
        82,
        83,
        84,
        85,
        86,
        87,
        88,
        89,
        90,
        91,
        92,
        93,
        94,
        95,
        96,
        97,
        98,
        99
    ],
    "columns": [
        "x",
        "low",
        "high"
    ],
    "data": [
        [
            0.01,
            103593.75,
            310781.25
        ],
        [
            0.02,
            207187.5,
            621562.5
        ],
        [
            0.03,
            310781.25,
            932343.75
        ],
        [
            0.04,
            414375.0,
            1243125.0
        ],
        [
            0.05,
            517968.75,
            1553906.25
        ],
        [
            0.06,
            621562.5,
            1864687.5
        ],
        [
            0.07,
            725156.2500000001,
            2175468.7500000005
        ],
        [
            0.08,
            828750.0,
            2486250.0
        ],
        [
            0.09,
            932343.75,
            2797031.25
        ],
        [
            0.1,
            1035937.5,
            3107812.5
        ],
        [
            0.11,
            1139531.25,
            3418593.75
        ],
        [
            0.12,
            1243125.0,
            3729375.0
        ],
        [
            0.13,
            1346718.75,
            4040156.25
        ],
        [
            0.14,
            1450312.5000000002,
            4350937.500000001
        ],
        [
            0.15,
            1553906.25,
            4661718.75
        ],
        [
            0.16,
            1657500.0,
            4972500.0
        ],
        [
            0.17,
            1761093.75,
            5283281.250000001
        ],
        [
            0.18,
            1864687.5,
            5594062.5
        ],
        [
            0.19,
            1968281.25,
            5904843.75
        ],
        [
            0.2,
            2071875.0,
            6215625.0
        ],
        [
            0.21,
            2175468.75,
            6526406.25
        ],
        [
            0.22,
            2279062.5,
            6837187.5
        ],
        [
            0.23,
            2382656.25,
            7147968.75
        ],
        [
            0.24,
            2486250.0,
            7458750.0
        ],
        [
            0.25,
            2589843.75,
            7769531.25
        ],
        [
            0.26,
            2693437.5,
            8080312.5
        ],
        [
            0.27,
            2797031.2500000005,
            8391093.75
        ],
        [
            0.28,
            2900625.0000000005,
            8701875.000000002
        ],
        [
            0.29,
            3004218.7499999995,
            9012656.25
        ],
        [
            0.3,
            3107812.5,
            9323437.5
        ],
        [
            0.31,
            3211406.25,
            9634218.75
        ],
        [
            0.32,
            3315000.0,
            9945000.0
        ],
        [
            0.33,
            3418593.75,
            10255781.25
        ],
        [
            0.34,
            3522187.5,
            10566562.500000002
        ],
        [
            0.35000000000000003,
            3625781.25,
            10877343.750000002
        ],
        [
            0.36,
            3729375.0,
            11188125.0
        ],
        [
            0.37,
            3832968.75,
            11498906.25
        ],
        [
            0.38,
            3936562.5,
            11809687.5
        ],
        [
            0.39,
            4040156.25,
            12120468.75
        ],
        [
            0.4,
            4143750.0,
            12431250.0
        ],
        [
            0.41000000000000003,
            4247343.75,
            12742031.250000002
        ],
        [
            0.42,
            4350937.5,
            13052812.5
        ],
        [
            0.43,
            4454531.25,
            13363593.75
        ],
        [
            0.44,
            4558125.0,
            13674375.0
        ],
        [
            0.45,
            4661718.75,
            13985156.25
        ],
        [
            0.46,
            4765312.5,
            14295937.5
        ],
        [
            0.47000000000000003,
            4868906.25,
            14606718.75
        ],
        [
            0.48,
            4972500.0,
            14917500.0
        ],
        [
            0.49,
            5076093.75,
            15228281.25
        ],
        [
            0.5,
            5179687.5,
            15539062.5
        ],
        [
            0.51,
            5283281.25,
            15849843.75
        ],
        [
            0.52,
            5386875.0,
            16160625.0
        ],
        [
            0.53,
            5490468.75,
            16471406.25
        ],
        [
            0.54,
            5594062.500000001,
            16782187.5
        ],
        [
            0.55,
            5697656.250000001,
            17092968.75
        ],
        [
            0.56,
            5801250.000000001,
            17403750.000000004
        ],
        [
            0.5700000000000001,
            5904843.750000001,
            17714531.250000004
        ],
        [
            0.58,
            6008437.499999999,
            18025312.5
        ],
        [
            0.59,
            6112031.25,
            18336093.75
        ],
        [
            0.6,
            6215625.0,
            18646875.0
        ],
        [
            0.61,
            6319218.75,
            18957656.25
        ],
        [
            0.62,
            6422812.5,
            19268437.5
        ],
        [
            0.63,
            6526406.25,
            19579218.75
        ],
        [
            0.64,
            6630000.0,
            19890000.0
        ],
        [
            0.65,
            6733593.75,
            20200781.25
        ],
        [
            0.66,
            6837187.5,
            20511562.5
        ],
        [
            0.67,
            6940781.25,
            20822343.75
        ],
        [
            0.68,
            7044375.0,
            21133125.000000004
        ],
        [
            0.6900000000000001,
            7147968.75,
            21443906.250000004
        ],
        [
            0.7000000000000001,
            7251562.5,
            21754687.500000004
        ],
        [
            0.71,
            7355156.25,
            22065468.75
        ],
        [
            0.72,
            7458750.0,
            22376250.0
        ],
        [
            0.73,
            7562343.75,
            22687031.25
        ],
        [
            0.74,
            7665937.5,
            22997812.5
        ],
        [
            0.75,
            7769531.25,
            23308593.75
        ],
        [
            0.76,
