{
    "index": [
        0,
        1,
        2,
        3,
        4,
        5,
        6,
        7,
        8,
        9,
        10,
        11,
        12,
        13,
        14,
        15,
        16,
        17,
        18,
        19,
        20,
        21,
        22,
        23,
        24,
        25,
        26,
        27,
        28,
        29,
        30,
        31,
        32,
        33,
        34,
        35,
        36,
        37,
        38,
        39,
        40,
        41,
        42,
        43,
        44,
        45,
        46,
        47,
        48,
        49,
        50,
        51,
        52,
        53,
        54,
        55,
        56,
        57,
        58,
        59,
        60,
        61,
        62,
        63,
        64,
        65,
        66,
        67,
        68,
        69,
        70,
        71,
        72,
        73,
        74,
        75,
        76,
        77,
        78,
        79,
        80,
        81,
        82,
        83,
        84,
        85,
        86,
        87,
        88,
        89,
        90,
        91,
        92,
        93,
        94,
        95,
        96,
        97,
        98,
        99
    ],
    "columns": [
        "x",
        "low",
        "high"
    ],
    "data": [
        [
            0.01,
            1179375.0,
            2948437.5
        ],
        [
            0.02,
            2358750.0,
            5896875.0
        ],
        [
            0.03,
            3538125.0,
            8845312.5
        ],
        [
            0.04,
            4717500.0,
            11793750.0
        ],
        [
            0.05,
            5896875.0,
            14742187.5
        ],
        [
            0.06,
            7076250.0,
            17690625.0
        ],
        [
            0.07,
            8255625.000000001,
            20639062.5
        ],
        [
            0.08,
            9435000.0,
            23587500.0
        ],
        [
            0.09,
            10614375.0,
            26535937.5
        ],
        [
            0.1,
            11793750.0,
            29484375.0
        ],
        [
            0.11,
            12973125.0,
            32432812.5
        ],
        [
            0.12,
            14152500.0,
            35381250.0
        ],
        [
            0.13,
            15331875.0,
            38329687.5
        ],
        [
            0.14,
            16511250.000000002,
            41278125.0
        ],
        [
            0.15,
            17690625.0,
            44226562.5
        ],
        [
            0.16,
            18870000.0,
            47175000.0
        ],
        [
            0.17,
            20049375.0,
            50123437.5
        ],
        [
            0.18,
            21228750.0,
            53071875.0
        ],
        [
            0.19,
            22408125.0,
            56020312.5
        ],
        [
            0.2,
            23587500.0,
            58968750.0
        ],
        [
            0.21,
            24766875.0,
            61917187.5
        ],
        [
            0.22,
            25946250.0,
            64865625.0
        ],
        [
            0.23,
            27125625.0,
            67814062.5
        ],
        [
            0.24,
            28305000.0,
            70762500.0
        ],
        [
            0.25,
            29484375.0,
            73710937.5
        ],
        [
            0.26,
            30663750.0,
            76659375.0
        ],
        [
            0.27,
            31843125.000000004,
            79607812.5
        ],
        [
            0.28,
            33022500.000000004,
            82556250.0
        ],
        [
            0.29,
            34201874.99999999,
            85504687.5
        ],
        [
            0.3,
            35381250.0,
            88453125.0
        ],
        [
            0.31,
            36560625.0,
            91401562.5
        ],
        [
            0.32,
            37740000.0,
            94350000.0
        ],
        [
            0.33,
            38919375.0,
            97298437.5
        ],
        [
            0.34,
            40098750.0,
            100246875.0
        ],
        [
            0.35000000000000003,
            41278125.0,
            103195312.50000001
        ],
        [
            0.36,
            42457500.0,
            106143750.0
        ],
        [
            0.37,
            43636875.0,
            109092187.5
        ],
        [
            0.38,
            44816250.0,
            112040625.0
        ],
        [
            0.39,
            45995625.0,
            114989062.5
        ],
        [
            0.4,
            47175000.0,
            117937500.0
        ],
        [
            0.41000000000000003,
            48354375.0,
            120885937.50000001
        ],
        [
            0.42,
            49533750.0,
            123834375.0
        ],
        [
            0.43,
            50713125.0,
            126782812.5
        ],
        [
            0.44,
            51892500.0,
            129731250.0
        ],
        [
            0.45,
            53071875.0,
            132679687.5
        ],
        [
            0.46,
            54251250.0,
            135628125.0
        ],
        [
            0.47000000000000003,
            55430625.0,
            138576562.50000003
        ],
        [
            0.48,
            56610000.0,
            141525000.0
        ],
        [
            0.49,
            57789375.0,
            144473437.5
        ],
        [
            0.5,
            58968750.0,
            147421875.0
        ],
        [
            0.51,
            60148125.0,
            150370312.5
        ],
        [
            0.52,
            61327500.0,
            153318750.0
        ],
        [
            0.53,
            62506875.0,
            156267187.5
        ],
        [
            0.54,
            63686250.00000001,
            159215625.0
        ],
        [
            0.55,
            64865625.00000001,
            162164062.5
        ],
        [
            0.56,
            66045000.00000001,
            165112500.0
        ],
        [
            0.5700000000000001,
            67224375.00000001,
            168060937.50000003
        ],
        [
            0.58,
            68403749.99999999,
            171009375.0
        ],
        [
            0.59,
            69583125.0,
            173957812.5
        ],
        [
            0.6,
            70762500.0,
            176906250.0
        ],
        [
            0.61,
            71941875.0,
            179854687.5
        ],
        [
            0.62,
            73121250.0,
            182803125.0
        ],
        [
            0.63,
            74300625.0,
            185751562.5
        ],
        [
            0.64,
            75480000.0,
            188700000.0
        ],
        [
            0.65,
            76659375.0,
            191648437.5
        ],
        [
            0.66,
            77838750.0,
            194596875.0
        ],
        [
            0.67,
            79018125.0,
            197545312.5
        ],
        [
            0.68,
            80197500.0,
            200493750.0
        ],
        [
            0.6900000000000001,
            81376875.0,
            203442187.50000003
        ],
        [
            0.7000000000000001,
            82556250.0,
            206390625.00000003
        ],
        [
            0.71,
            83735625.0,
            209339062.5
        ],
        [
            0.72,
            84915000.0,
            212287500.0
        ],
        [
            0.73,
            86094375.0,
            215235937.5
        ],
        [
            0.74,
            87273750.0,
            218184375.0
        ],
        [
            0.75,
            88453125.0,
            221132812.5
        ],
        [
            0.76,
