{
    "index": [
        0,
        1,
        2,
        3,
        4,
        5,
        6,
        7,
        8,
        9,
        10,
        11,
        12,
        13,
        14,
        15,
        16,
        17,
        18,
        19,
        20,
        21,
        22,
        23,
        24,
        25,
        26,
        27,
        28,
        29,
        30,
        31,
        32,
        33,
        34,
        35,
        36,
        37,
        38,
        39,
        40,
        41,
        42,
        43,
        44,
        45,
        46,
        47,
        48,
        49,
        50,
        51,
        52,
        53,
        54,
        55,
        56,
        57,
        58,
        59,
        60,
        61,
        62,
        63,
        64,
        65,
        66,
        67,
        68,
        69,
        70,
        71,
        72,
        73,
        74,
        75,
        76,
        77,
        78,
        79,
        80,
        81,
        82,
        83,
        84,
        85,
        86,
        87,
        88,
        89,
        90,
        91,
        92,
        93,
        94,
        95,
        96,
        97,
        98,
        99
    ],
    "columns": [
        "x",
        "low",
        "high"
    ],
    "data": [
        [
            0.01,
            7862.5,
            53187.5
        ],
        [
            0.02,
            15725.0,
            159562.5
        ],
        [
            0.03,
            23587.5,
            239343.75
        ],
        [
            0.04,
            31450.0,
            319125.0
        ],
        [
            0.05,
            39312.5,
            398906.25
        ],
        [
            0.06,
            47175.0,
            478687.5
        ],
        [
            0.07,
            55037.5,
            558468.7500000001
        ],
        [
            0.08,
            62900.0,
            638250.0
        ],
        [
            0.09,
            70762.5,
            718031.25
        ],
        [
            0.1,
            78625.0,
            797812.5
        ],
        [
            0.11,
            86487.5,
            877593.75
        ],
        [
            0.12,
            141525.0,
            957375.0
        ],
        [
            0.13,
            153318.75,
            1037156.25
        ],
        [
            0.14,
            165112.5,
            1116937.5000000002
        ],
        [
            0.15,
            176906.25,
            1196718.75
        ],
        [
            0.16,
            188700.0,
            1276500.0
        ],
        [
            0.17,
            200493.75,
            1356281.25
        ],
        [
            0.18,
            212287.5,
            1436062.5
        ],
        [
            0.19,
            224081.25,
            1515843.75
        ],
        [
            0.2,
            235875.0,
            1595625.0
        ],
        [
            0.21,
            247668.75,
            1675406.25
        ],
        [
            0.22,
            259462.5,
            1755187.5
        ],
        [
            0.23,
            271256.25,
            1834968.75
        ],
        [
            0.24,
            283050.0,
            1914750.0
        ],
        [
            0.25,
            294843.75,
            1994531.25
        ],
        [
            0.26,
            306637.5,
            2074312.5
        ],
        [
            0.27,
            318431.25,
            2154093.7500000005
        ],
        [
            0.28,
            330225.0,
            2233875.0000000005
        ],
        [
            0.29,
            342018.75,
            2313656.25
        ],
        [
            0.3,
            353812.5,
            2393437.5
        ],
        [
            0.31,
            365606.25,
            2473218.75
        ],
        [
            0.32,
            377400.0,
            2553000.0
        ],
        [
            0.33,
            389193.75,
            2632781.25
        ],
        [
            0.34,
            400987.5,
            2712562.5
        ],
        [
            0.35000000000000003,
            412781.25000000006,
            2792343.7500000005
        ],
        [
            0.36,
            424575.0,
            2872125.0
        ],
        [
            0.37,
            436368.75,
            2951906.25
        ],
        [
            0.38,
            448162.5,
            3031687.5
        ],
        [
            0.39,
            459956.25,
            3111468.75
        ],
        [
            0.4,
            471750.0,
            3191250.0
        ],
        [
            0.41000000000000003,
            483543.75000000006,
            3271031.25
        ],
        [
            0.42,
            495337.5,
            3350812.5
        ],
        [
            0.43,
            507131.25,
            3430593.75
        ],
        [
            0.44,
            518925.0,
            3510375.0
        ],
        [
            0.45,
            530718.75,
            3590156.25
        ],
        [
            0.46,
            542512.5,
            3669937.5
        ],
        [
            0.47000000000000003,
            554306.2500000001,
            3749718.75
        ],
        [
            0.48,
            566100.0,
            3829500.0
        ],
        [
            0.49,
            577893.75,
            3909281.25
        ],
        [
            0.5,
            589687.5,
            3989062.5
        ],
        [
            0.51,
            601481.25,
            4068843.75
        ],
        [
            0.52,
            613275.0,
            4148625.0
        ],
        [
            0.53,
            625068.75,
            4228406.25
        ],
        [
            0.54,
            636862.5,
            4308187.500000001
        ],
        [
            0.55,
            648656.25,
            4387968.750000001
        ],
        [
            0.56,
            660450.0,
            4467750.000000001
        ],
        [
            0.5700000000000001,
            672243.7500000001,
            4547531.25
        ],
        [
            0.58,
            684037.5,
            4627312.5
        ],
        [
            0.59,
            695831.25,
            4707093.75
        ],
        [
            0.6,
            707625.0,
            4786875.0
        ],
        [
            0.61,
            719418.75,
            4866656.25
        ],
        [
            0.62,
            731212.5,
            4946437.5
        ],
        [
            0.63,
            743006.25,
            5026218.75
        ],
        [
            0.64,
            754800.0,
            5106000.0
        ],
        [
            0.65,
            766593.75,
            5185781.25
        ],
        [
            0.66,
            778387.5,
            5265562.5
        ],
        [
            0.67,
            790181.25,
            5345343.75
        ],
        [
            0.68,
            801975.0,
            5425125.0
        ],
        [
            0.6900000000000001,
            813768.7500000001,
            5504906.25
        ],
        [
            0.7000000000000001,
            825562.5000000001,
            5584687.500000001
        ],
        [
            0.71,
            837356.25,
            5664468.75
        ],
        [
            0.72,
            849150.0,
            5744250.0
        ],
        [
            0.73,
            860943.75,
            5824031.25
        ],
        [
            0.74,
            872737.5,
            5903812.5
        ],
        [
            0.75,
            884531.25,
            5983593.75
        ],
        [
            0.76,
            896325.0,
            6063375.0
        ],
        [
            0.77,
            908118.75,
            6143156.25
        ],
        [
            0.78,
            919912.5,
