{
    "index": [
        0,
        1,
        2,
        3,
        4,
        5,
        6,
        7,
        8,
        9,
        10,
        11,
        12,
        13,
        14,
        15,
        16,
        17,
        18,
        19,
        20,
        21,
        22,
        23,
        24,
        25,
        26,
        27,
        28,
        29,
        30,
        31,
        32,
        33,
        34,
        35,
        36,
        37,
        38,
        39,
        40,
        41,
        42,
        43,
        44,
        45,
        46,
        47,
        48,
        49,
        50,
        51,
        52,
        53,
        54,
        55,
        56,
        57,
        58,
        59,
        60,
        61,
        62,
        63,
        64,
        65,
        66,
        67,
        68,
        69,
        70,
        71,
        72,
        73,
        74,
        75,
        76,
        77,
        78,
        79,
        80,
        81,
        82,
        83,
        84,
        85,
        86,
        87,
        88,
        89,
        90,
        91,
        92,
        93,
        94,
        95,
        96,
        97,
        98,
        99
    ],
    "columns": [
        "x",
        "low",
        "high"
    ],
    "data": [
        [
            0.01,
            7862.5,
            19656.25
        ],
        [
            0.02,
            15725.0,
            39312.5
        ],
        [
            0.03,
            23587.5,
            58968.75
        ],
        [
            0.04,
            31450.0,
            78625.0
        ],
        [
            0.05,
            39312.5,
            147421.875
        ],
        [
            0.06,
            47175.0,
            176906.25
        ],
        [
            0.07,
            55037.5,
            206390.62500000003
        ],
        [
            0.08,
            62900.0,
            235875.0
        ],
        [
            0.09,
            70762.5,
            265359.375
        ],
        [
            0.1,
            78625.0,
            294843.75
        ],
        [
            0.11,
            86487.5,
            324328.125
        ],
        [
            0.12,
            141525.0,
            353812.5
        ],
        [
            0.13,
            153318.75,
            383296.875
        ],
        [
            0.14,
            165112.5,
            412781.25000000006
        ],
        [
            0.15,
            176906.25,
            442265.625
        ],
        [
            0.16,
            188700.0,
            471750.0
        ],
        [
            0.17,
            200493.75,
            501234.37500000006
        ],
        [
            0.18,
            212287.5,
            530718.75
        ],
        [
            0.19,
            224081.25,
            560203.125
        ],
        [
            0.2,
            235875.0,
            589687.5
        ],
        [
            0.21,
            247668.75,
            619171.875
        ],
        [
            0.22,
            259462.5,
            648656.25
        ],
        [
            0.23,
            271256.25,
            678140.625
        ],
        [
            0.24,
            283050.0,
            707625.0
        ],
        [
            0.25,
            294843.75,
            737109.375
        ],
        [
            0.26,
            306637.5,
            766593.75
        ],
        [
            0.27,
            318431.25,
            796078.125
        ],
        [
            0.28,
            330225.0,
            825562.5000000001
        ],
        [
            0.29,
            342018.75,
            855046.875
        ],
        [
            0.3,
            353812.5,
            884531.25
        ],
        [
            0.31,
            365606.25,
            914015.625
        ],
        [
            0.32,
            377400.0,
            943500.0
        ],
        [
            0.33,
            389193.75,
            972984.375
        ],
        [
            0.34,
            400987.5,
            1002468.7500000001
        ],
        [
            0.35000000000000003,
            412781.25000000006,
            1031953.1250000001
        ],
        [
            0.36,
            424575.0,
            1061437.5
        ],
        [
            0.37,
            436368.75,
            1090921.875
        ],
        [
            0.38,
            448162.5,
            1120406.25
        ],
        [
            0.39,
            459956.25,
            1149890.625
        ],
        [
            0.4,
            471750.0,
            1179375.0
        ],
        [
            0.41000000000000003,
            483543.75000000006,
            1208859.375
        ],
        [
            0.42,
            495337.5,
            1238343.75
        ],
        [
            0.43,
            507131.25,
            1267828.125
        ],
        [
            0.44,
            518925.0,
            1297312.5
        ],
        [
            0.45,
            530718.75,
            1326796.875
        ],
        [
            0.46,
            542512.5,
            1356281.25
        ],
        [
            0.47000000000000003,
            554306.2500000001,
            1385765.625
        ],
        [
            0.48,
            566100.0,
            1415250.0
        ],
        [
            0.49,
            577893.75,
            1444734.375
        ],
        [
            0.5,
            589687.5,
            1474218.75
        ],
        [
            0.51,
            601481.25,
            1503703.125
        ],
        [
            0.52,
            613275.0,
            1533187.5
        ],
        [
            0.53,
            625068.75,
            1562671.875
        ],
        [
            0.54,
            636862.5,
            1592156.25
        ],
        [
            0.55,
            648656.25,
            1621640.6250000002
        ],
        [
            0.56,
            660450.0,
            1651125.0000000002
        ],
        [
            0.5700000000000001,
            672243.7500000001,
            1680609.3750000002
        ],
        [
            0.58,
            684037.5,
            1710093.75
        ],
        [
            0.59,
            695831.25,
            1739578.125
        ],
        [
            0.6,
            707625.0,
            1769062.5
        ],
        [
            0.61,
            719418.75,
            1798546.875
        ],
        [
            0.62,
            731212.5,
            1828031.25
        ],
        [
            0.63,
            743006.25,
            1857515.625
        ],
        [
            0.64,
            754800.0,
            1887000.0
        ],
        [
            0.65,
            766593.75,
            1916484.375
        ],
        [
            0.66,
            778387.5,
            1945968.75
        ],
        [
            0.67,
            790181.25,
            1975453.125
        ],
        [
            0.68,
            801975.0,
            2004937.5000000002
        ],
        [
            0.6900000000000001,
            813768.7500000001,
            2034421.8750000002
        ],
        [
            0.7000000000000001,
            825562.5000000001,
            2063906.2500000002
        ],
        [
            0.71,
            837356.25,
            2093390.625
        ],
        [
            0.72,
            849150.0,
            2122875.0
        ],
        [
            0.73,
            860943.75,
            2152359.375
        ],
        [
            0.74,
            872737.5,
            2181843.75
        ],
        [
            0.75,
            884531.25,
            2211328.125
        ],
        [
            0.76,
            896325.0,
            2240812.5
        ],
        [
            0.77,
            908118.75,
            2270296.875
        ],
