{
    "index": [
        0,
        1,
        2,
        3,
        4,
        5,
        6,
        7,
        8,
        9,
        10,
        11,
        12,
        13,
        14,
        15,
        16,
        17,
        18,
        19,
        20,
        21,
        22,
        23,
        24,
        25,
        26,
        27,
        28,
        29,
        30,
        31,
        32,
        33,
        34,
        35,
        36,
        37,
        38,
        39,
        40,
        41,
        42,
        43,
        44,
        45,
        46,
        47,
        48,
        49,
        50,
        51,
        52,
        53,
        54,
        55,
        56,
        57,
        58,
        59,
        60,
        61,
        62,
        63,
        64,
        65,
        66,
        67,
        68,
        69,
        70,
        71,
        72,
        73,
        74,
        75,
        76,
        77,
        78,
        79,
        80,
        81,
        82,
        83,
        84,
        85,
        86,
        87,
        88,
        89,
        90,
        91,
        92,
        93,
        94,
        95,
        96,
        97,
        98,
        99
    ],
    "columns": [
        "x",
        "low",
        "high"
    ],
    "data": [
        [
            0.01,
            4625.0,
            10637.5
        ],
        [
            0.02,
            9250.0,
            21275.0
        ],
        [
            0.03,
            13875.0,
            31912.5
        ],
        [
            0.04,
            18500.0,
            42550.0
        ],
        [
            0.05,
            23125.0,
            53187.5
        ],
        [
            0.06,
            27750.0,
            63825.0
        ],
        [
            0.07,
            32375.000000000004,
            74462.50000000001
        ],
        [
            0.08,
            37000.0,
            85100.0
        ],
        [
            0.09,
            41625.0,
            143606.25
        ],
        [
            0.1,
            46250.0,
            159562.5
        ],
        [
            0.11,
            50875.0,
            175518.75
        ],
        [
            0.12,
            55500.0,
            191475.0
        ],
        [
            0.13,
            60125.0,
            207431.25
        ],
        [
            0.14,
            64750.00000000001,
            223387.50000000003
        ],
        [
            0.15,
            69375.0,
            239343.75
        ],
        [
            0.16,
            74000.0,
            255300.0
        ],
        [
            0.17,
            78625.00000000001,
            271256.25000000006
        ],
        [
            0.18,
            83250.0,
            287212.5
        ],
        [
            0.19,
            87875.0,
            303168.75
        ],
        [
            0.2,
            92500.0,
            319125.0
        ],
        [
            0.21,
            145687.5,
            335081.25
        ],
        [
            0.22,
            152625.0,
            351037.5
        ],
        [
            0.23,
            159562.5,
            366993.75
        ],
        [
            0.24,
            166500.0,
            382950.0
        ],
        [
            0.25,
            173437.5,
            398906.25
        ],
        [
            0.26,
            180375.0,
            414862.5
        ],
        [
            0.27,
            187312.5,
            430818.75
        ],
        [
            0.28,
            194250.00000000003,
            446775.00000000006
        ],
        [
            0.29,
            201187.5,
            462731.24999999994
        ],
        [
            0.3,
            208125.0,
            478687.5
        ],
        [
            0.31,
            215062.5,
            494643.75
        ],
        [
            0.32,
            222000.0,
            510600.0
        ],
        [
            0.33,
            228937.5,
            526556.25
        ],
        [
            0.34,
            235875.00000000003,
            542512.5000000001
        ],
        [
            0.35000000000000003,
            242812.50000000003,
            558468.7500000001
        ],
        [
            0.36,
            249750.0,
            574425.0
        ],
        [
            0.37,
            256687.5,
            590381.25
        ],
        [
            0.38,
            263625.0,
            606337.5
        ],
        [
            0.39,
            270562.5,
            622293.75
        ],
        [
            0.4,
            277500.0,
            638250.0
        ],
        [
            0.41000000000000003,
            284437.5,
            654206.25
        ],
        [
            0.42,
            291375.0,
            670162.5
        ],
        [
            0.43,
            298312.5,
            686118.75
        ],
        [
            0.44,
            305250.0,
            702075.0
        ],
        [
            0.45,
            312187.5,
            718031.25
        ],
        [
            0.46,
            319125.0,
            733987.5
        ],
        [
            0.47000000000000003,
            326062.5,
            749943.75
        ],
        [
            0.48,
            333000.0,
            765900.0
        ],
        [
            0.49,
            339937.5,
            781856.25
        ],
        [
            0.5,
            346875.0,
            797812.5
        ],
        [
            0.51,
            353812.5,
            813768.75
        ],
        [
            0.52,
            360750.0,
            829725.0
        ],
        [
            0.53,
            367687.5,
            845681.25
        ],
        [
            0.54,
            374625.0,
            861637.5
        ],
        [
            0.55,
            381562.5,
            877593.7500000001
        ],
        [
            0.56,
            388500.00000000006,
            893550.0000000001
        ],
        [
            0.5700000000000001,
            395437.50000000006,
            909506.2500000001
        ],
        [
            0.58,
            402375.0,
            925462.4999999999
        ],
        [
            0.59,
            409312.5,
            941418.75
        ],
        [
            0.6,
            416250.0,
            957375.0
        ],
        [
            0.61,
            423187.5,
            973331.25
        ],
        [
            0.62,
            430125.0,
            989287.5
        ],
        [
            0.63,
            437062.5,
            1005243.75
        ],
        [
            0.64,
            444000.0,
            1021200.0
        ],
        [
            0.65,
            450937.5,
            1037156.25
        ],
        [
            0.66,
            457875.0,
            1053112.5
        ],
        [
            0.67,
            464812.5,
            1069068.7500000002
        ],
        [
            0.68,
            471750.00000000006,
            1085025.0000000002
        ],
        [
            0.6900000000000001,
            478687.50000000006,
            1100981.2500000002
        ],
        [
            0.7000000000000001,
            485625.00000000006,
            1116937.5000000002
        ],
        [
            0.71,
            492562.5,
            1132893.75
        ],
        [
            0.72,
            499500.0,
            1148850.0
        ],
        [
            0.73,
            506437.5,
            1164806.25
        ],
        [
            0.74,
            513375.0,
            1180762.5
        ],
        [
            0.75,
            520312.5,
            1196718.75
        ],
        [
            0.76,
            527250.0,
            1212675.0
        ],
        [
            0.77,
            534187.5,
            1228631.25
        ],
        [
            0.78,
