{
    "index": [
        0,
        1,
        2,
        3,
        4,
        5,
        6,
        7,
        8,
        9,
        10,
        11,
        12,
        13,
        14,
        15,
        16,
        17,
        18,
        19,
        20,
        21,
        22,
        23,
        24,
        25,
        26,
        27,
        28,
        29,
        30,
        31,
        32,
        33,
        34,
        35,
        36,
        37,
        38,
        39,
        40,
        41,
        42,
        43,
        44,
        45,
        46,
        47,
        48,
        49,
        50,
        51,
        52,
        53,
        54,
        55,
        56,
        57,
        58,
        59,
        60,
        61,
        62,
        63,
        64,
        65,
        66,
        67,
        68,
        69,
        70,
        71,
        72,
        73,
        74,
        75,
        76,
        77,
        78,
        79,
        80,
        81,
        82,
        83,
        84,
        85,
        86,
        87,
        88,
        89,
        90,
        91,
        92,
        93,
        94,
        95,
        96,
        97,
        98,
        99
    ],
    "columns": [
        "x",
        "low",
        "high"
    ],
    "data": [
        [
            0.01,
            487.5,
            747.5
        ],
        [
            0.02,
            975.0,
            1495.0
        ],
        [
            0.03,
            1462.5,
            2242.5
        ],
        [
            0.04,
            1950.0,
            2990.0
        ],
        [
            0.05,
            2437.5,
            3737.5
        ],
        [
            0.06,
            2925.0,
            4485.0
        ],
        [
            0.07,
            3412.5000000000005,
            5232.500000000001
        ],
        [
            0.08,
            3900.0,
            5980.0
        ],
        [
            0.09,
            4387.5,
            6727.5
        ],
        [
            0.1,
            4875.0,
            7475.0
        ],
        [
            0.11,
            5362.5,
            8222.5
        ],
        [
            0.12,
            5850.0,
            8970.0
        ],
        [
            0.13,
            6337.5,
            9717.5
        ],
        [
            0.14,
            6825.000000000001,
            10465.000000000002
        ],
        [
            0.15,
            7312.5,
            11212.5
        ],
        [
            0.16,
            7800.0,
            11960.0
        ],
        [
            0.17,
            8287.500000000002,
            12707.5
        ],
        [
            0.18,
            8775.0,
            13455.0
        ],
        [
            0.19,
            9262.5,
            14202.5
        ],
        [
            0.2,
            9750.0,
            14950.0
        ],
        [
            0.21,
            10237.5,
            15697.5
        ],
        [
            0.22,
            10725.0,
            16445.0
        ],
        [
            0.23,
            11212.5,
            17192.5
        ],
        [
            0.24,
            11700.0,
            17940.0
        ],
        [
            0.25,
            12187.5,
            18687.5
        ],
        [
            0.26,
            12675.0,
            19435.0
        ],
        [
            0.27,
            13162.5,
            20182.5
        ],
        [
            0.28,
            13650.000000000002,
            20930.000000000004
        ],
        [
            0.29,
            14137.499999999998,
            21677.5
        ],
        [
            0.3,
            14625.0,
            22425.0
        ],
        [
            0.31,
            15112.5,
            23172.5
        ],
        [
            0.32,
            15600.0,
            23920.0
        ],
        [
            0.33,
            16087.5,
            24667.5
        ],
        [
            0.34,
            16575.000000000004,
            25415.0
        ],
        [
            0.35000000000000003,
            17062.5,
            26162.500000000004
        ],
        [
            0.36,
            17550.0,
            26910.0
        ],
        [
            0.37,
            18037.5,
            27657.5
        ],
        [
            0.38,
            18525.0,
            28405.0
        ],
        [
            0.39,
            19012.5,
            29152.5
        ],
        [
            0.4,
            19500.0,
            29900.0
        ],
        [
            0.41000000000000003,
            19987.5,
            30647.500000000004
        ],
        [
            0.42,
            20475.0,
            31395.0
        ],
        [
            0.43,
            20962.5,
            32142.5
        ],
        [
            0.44,
            21450.0,
            49335.0
        ],
        [
            0.45,
            21937.5,
            50456.25
        ],
        [
            0.46,
            22425.0,
            51577.5
        ],
        [
            0.47000000000000003,
            22912.5,
            52698.75
        ],
        [
            0.48,
            23400.0,
            53820.0
        ],
        [
            0.49,
            23887.5,
            54941.25
        ],
        [
            0.5,
            24375.0,
            56062.5
        ],
        [
            0.51,
            24862.5,
            57183.75
        ],
        [
            0.52,
            25350.0,
            58305.0
        ],
        [
            0.53,
            25837.5,
            59426.25
        ],
        [
            0.54,
            26325.0,
            60547.5
        ],
        [
            0.55,
            26812.500000000004,
            61668.75
        ],
        [
            0.56,
            27300.000000000004,
            62790.000000000015
        ],
        [
            0.5700000000000001,
            27787.500000000004,
            63911.250000000015
        ],
        [
            0.58,
            28274.999999999996,
            65032.5
        ],
        [
            0.59,
            28762.5,
            66153.75
        ],
        [
            0.6,
            29250.0,
            67275.0
        ],
        [
            0.61,
            29737.5,
            68396.25
        ],
        [
            0.62,
            30225.0,
            69517.5
        ],
        [
            0.63,
            30712.5,
            70638.75
        ],
        [
            0.64,
            31200.0,
            71760.0
        ],
        [
            0.65,
            31687.5,
            72881.25
        ],
        [
            0.66,
            32175.0,
            74002.5
        ],
        [
            0.67,
            48993.75000000001,
            75123.75
        ],
        [
            0.68,
            49725.00000000001,
            76245.0
        ],
        [
            0.6900000000000001,
            50456.25,
            77366.25000000001
        ],
        [
            0.7000000000000001,
            51187.5,
            78487.50000000001
        ],
        [
            0.71,
            51918.75,
            79608.75
        ],
        [
            0.72,
            52650.0,
            80730.0
        ],
        [
            0.73,
            53381.25,
            81851.25
        ],
        [
            0.74,
            54112.5,
            82972.5
        ],
        [
            0.75,
            54843.75,
            84093.75
        ],
        [
            0.76,
            55575.0,
            85215.0
        ],
        [
            0.77,
            56306.25,
            86336.25
        ],
        [
            0.78,
            57037.5,
            87457.5
        ],
        [
            0.79,
            57768.75,
            88578.75
        ],
        [
            0.8,
            58500.0,
            89700.0
        ],
        [
