{
    "index": [
        0,
        1,
        2,
        3,
        4,
        5,
        6,
        7,
        8,
        9,
        10,
        11,
        12,
        13,
        14,
        15,
        16,
        17,
        18,
        19,
        20,
        21,
        22,
        23,
        24,
        25,
        26,
        27,
        28,
        29,
        30,
        31,
        32,
        33,
        34,
        35,
        36,
        37,
        38,
        39,
        40,
        41,
        42,
        43,
        44,
        45,
        46,
        47,
        48,
        49,
        50,
        51,
        52,
        53,
        54,
        55,
        56,
        57,
        58,
        59,
        60,
        61,
        62,
        63,
        64,
        65,
        66,
        67,
        68,
        69,
        70,
        71,
        72,
        73,
        74,
        75,
        76,
        77,
        78,
        79,
        80,
        81,
        82,
        83,
        84,
        85,
        86,
        87,
        88,
        89,
        90,
        91,
        92,
        93,
        94,
        95,
        96,
        97,
        98,
        99
    ],
    "columns": [
        "x",
        "low",
        "high"
    ],
    "data": [
        [
            0.01,
            1035.9375,
            3737.5
        ],
        [
            0.02,
            2071.875,
            7475.0
        ],
        [
            0.03,
            3107.8125,
            11212.5
        ],
        [
            0.04,
            4143.75,
            14950.0
        ],
        [
            0.05,
            5179.6875,
            18687.5
        ],
        [
            0.06,
            6215.625,
            22425.0
        ],
        [
            0.07,
            7251.562500000001,
            26162.500000000004
        ],
        [
            0.08,
            8287.5,
            29900.0
        ],
        [
            0.09,
            9323.4375,
            50456.25
        ],
        [
            0.1,
            10359.375,
            56062.5
        ],
        [
            0.11,
            11395.3125,
            61668.75
        ],
        [
            0.12,
            12431.25,
            67275.0
        ],
        [
            0.13,
            13467.1875,
            72881.25
        ],
        [
            0.14,
            14503.125000000002,
            78487.50000000001
        ],
        [
            0.15,
            15539.0625,
            84093.75
        ],
        [
            0.16,
            16575.0,
            89700.0
        ],
        [
            0.17,
            17610.9375,
            95306.25000000001
        ],
        [
            0.18,
            18646.875,
            100912.5
        ],
        [
            0.19,
            19682.8125,
            106518.75
        ],
        [
            0.2,
            20718.75,
            112125.0
        ],
        [
            0.21,
            21754.6875,
            117731.25
        ],
        [
            0.22,
            22790.625,
            123337.5
        ],
        [
            0.23,
            23826.5625,
            128943.75
        ],
        [
            0.24,
            24862.5,
            134550.0
        ],
        [
            0.25,
            25898.4375,
            140156.25
        ],
        [
            0.26,
            26934.375,
            145762.5
        ],
        [
            0.27,
            27970.3125,
            151368.75
        ],
        [
            0.28,
            29006.250000000004,
            156975.00000000003
        ],
        [
            0.29,
            30042.187499999996,
            162581.24999999997
        ],
        [
            0.3,
            31078.125,
            168187.5
        ],
        [
            0.31,
            32114.0625,
            173793.75
        ],
        [
            0.32,
            49725.0,
            179400.0
        ],
        [
            0.33,
            51278.90625,
            185006.25
        ],
        [
            0.34,
            52832.8125,
            190612.50000000003
        ],
        [
            0.35000000000000003,
            54386.71875,
            196218.75000000003
        ],
        [
            0.36,
            55940.625,
            201825.0
        ],
        [
            0.37,
            57494.53125,
            207431.25
        ],
        [
            0.38,
            59048.4375,
            213037.5
        ],
        [
            0.39,
            60602.34375,
            218643.75
        ],
        [
            0.4,
            62156.25,
            224250.0
        ],
        [
            0.41000000000000003,
            63710.15625,
            229856.25
        ],
        [
            0.42,
            65264.0625,
            235462.5
        ],
        [
            0.43,
            66817.96875,
            241068.75
        ],
        [
            0.44,
            68371.875,
            246675.0
        ],
        [
            0.45,
            69925.78125,
            252281.25
        ],
        [
            0.46,
            71479.6875,
            257887.5
        ],
        [
            0.47000000000000003,
            73033.59375,
            263493.75
        ],
        [
            0.48,
            74587.5,
            269100.0
        ],
        [
            0.49,
            76141.40625,
            274706.25
        ],
        [
            0.5,
            77695.3125,
            280312.5
        ],
        [
            0.51,
            79249.21875,
            285918.75
        ],
        [
            0.52,
            80803.125,
            291525.0
        ],
        [
            0.53,
            82357.03125,
            297131.25
        ],
        [
            0.54,
            83910.9375,
            302737.5
        ],
        [
            0.55,
            85464.84375000001,
            308343.75000000006
        ],
        [
            0.56,
            87018.75000000001,
            313950.00000000006
        ],
        [
            0.5700000000000001,
            88572.65625000001,
            319556.25000000006
        ],
        [
            0.58,
            90126.56249999999,
            325162.49999999994
        ],
        [
            0.59,
            91680.46875,
            330768.75
        ],
        [
            0.6,
            93234.375,
            336375.0
        ],
        [
            0.61,
            94788.28125,
            341981.25
        ],
        [
            0.62,
            96342.1875,
            347587.5
        ],
        [
            0.63,
            97896.09375,
            353193.75
        ],
        [
            0.64,
            99450.0,
            358800.0
        ],
        [
            0.65,
            101003.90625,
            364406.25
        ],
        [
            0.66,
            102557.8125,
            370012.5
        ],
        [
            0.67,
            104111.71875,
            375618.75000000006
        ],
        [
            0.68,
            105665.625,
            381225.00000000006
        ],
        [
            0.6900000000000001,
            107219.53125,
            386831.25000000006
        ],
        [
            0.7000000000000001,
            108773.4375,
            392437.50000000006
        ],
        [
            0.71,
            110327.34375,
            398043.75
        ],
        [
            0.72,
            111881.25,
            403650.0
        ],
        [
            0.73,
            113435.15625,
            409256.25
        ],
        [
            0.74,
            114989.0625,
            414862.5
        ],
        [
            0.75,
            116542.96875,
            420468.75
        ],
        [
            0.76,
            118096.875,
            426075.0
        ],
        [
            0.77,
