{
    "index": [
        0,
        1,
        2,
        3,
        4,
        5,
        6,
        7,
        8,
        9,
        10,
        11,
        12,
        13,
        14,
        15,
        16,
        17,
        18,
        19,
        20,
        21,
        22,
        23,
        24,
        25,
        26,
        27,
        28,
        29,
        30,
        31,
        32,
        33,
        34,
        35,
        36,
        37,
        38,
        39,
        40,
        41,
        42,
        43,
        44,
        45,
        46,
        47,
        48,
        49,
        50,
        51,
        52,
        53,
        54,
        55,
        56,
        57,
        58,
        59,
        60,
        61,
        62,
        63,
        64,
        65,
        66,
        67,
        68,
        69,
        70,
        71,
        72,
        73,
        74,
        75,
        76,
        77,
        78,
        79,
        80,
        81,
        82,
        83,
        84,
        85,
        86,
        87,
        88,
        89,
        90,
        91,
        92,
        93,
        94,
        95,
        96,
        97,
        98,
        99
    ],
    "columns": [
        "x",
        "low",
        "high"
    ],
    "data": [
        [
            0.01,
            956.25,
            2550.0
        ],
        [
            0.02,
            1912.5,
            5100.0
        ],
        [
            0.03,
            2868.75,
            7650.0
        ],
        [
            0.04,
            3825.0,
            10200.0
        ],
        [
            0.05,
            4781.25,
            12750.0
        ],
        [
            0.06,
            5737.5,
            15300.0
        ],
        [
            0.07,
            6693.750000000001,
            17850.0
        ],
        [
            0.08,
            7650.0,
            20400.0
        ],
        [
            0.09,
            8606.25,
            22950.0
        ],
        [
            0.1,
            9562.5,
            25500.0
        ],
        [
            0.11,
            10518.75,
            28050.0
        ],
        [
            0.12,
            11475.0,
            30600.0
        ],
        [
            0.13,
            12431.25,
            33150.0
        ],
        [
            0.14,
            13387.500000000002,
            35700.0
        ],
        [
            0.15,
            14343.75,
            38250.0
        ],
        [
            0.16,
            15300.0,
            40800.0
        ],
        [
            0.17,
            16256.25,
            43350.0
        ],
        [
            0.18,
            17212.5,
            45900.0
        ],
        [
            0.19,
            18168.75,
            48450.0
        ],
        [
            0.2,
            19125.0,
            51000.0
        ],
        [
            0.21,
            20081.25,
            53550.0
        ],
        [
            0.22,
            21037.5,
            56100.0
        ],
        [
            0.23,
            21993.75,
            58650.0
        ],
        [
            0.24,
            22950.0,
            61200.0
        ],
        [
            0.25,
            23906.25,
            63750.0
        ],
        [
            0.26,
            24862.5,
            66300.0
        ],
        [
            0.27,
            25818.75,
            68850.0
        ],
        [
            0.28,
            26775.000000000004,
            71400.0
        ],
        [
            0.29,
            27731.249999999996,
            73950.0
        ],
        [
            0.3,
            28687.5,
            76500.0
        ],
        [
            0.31,
            29643.75,
            79050.0
        ],
        [
            0.32,
            30600.0,
            81600.0
        ],
        [
            0.33,
            31556.25,
            84150.0
        ],
        [
            0.34,
            32512.5,
            86700.0
        ],
        [
            0.35000000000000003,
            33468.75,
            89250.00000000001
        ],
        [
            0.36,
            34425.0,
            91800.0
        ],
        [
            0.37,
            35381.25,
            94350.0
        ],
        [
            0.38,
            36337.5,
            96900.0
        ],
        [
            0.39,
            37293.75,
            99450.0
        ],
        [
            0.4,
            38250.0,
            102000.0
        ],
        [
            0.41000000000000003,
            39206.25,
            104550.00000000001
        ],
        [
            0.42,
            40162.5,
            107100.0
        ],
        [
            0.43,
            41118.75,
            109650.0
        ],
        [
            0.44,
            42075.0,
            112200.0
        ],
        [
            0.45,
            43031.25,
            114750.0
        ],
        [
            0.46,
            43987.5,
            117300.0
        ],
        [
            0.47000000000000003,
            44943.75,
            119850.00000000001
        ],
        [
            0.48,
            45900.0,
            122400.0
        ],
        [
            0.49,
            46856.25,
            124950.0
        ],
        [
            0.5,
            47812.5,
            127500.0
        ],
        [
            0.51,
            48768.75,
            130050.0
        ],
        [
            0.52,
            49725.0,
            132600.0
        ],
        [
            0.53,
            50681.25,
            135150.0
        ],
        [
            0.54,
            51637.5,
            137700.0
        ],
        [
            0.55,
            52593.75000000001,
            140250.0
        ],
        [
            0.56,
            53550.00000000001,
            142800.0
        ],
        [
            0.5700000000000001,
            54506.25000000001,
            145350.00000000003
        ],
        [
            0.58,
            55462.49999999999,
            147900.0
        ],
        [
            0.59,
            56418.75,
            150450.0
        ],
        [
            0.6,
            57375.0,
            153000.0
        ],
        [
            0.61,
            58331.25,
            155550.0
        ],
        [
            0.62,
            59287.5,
            158100.0
        ],
        [
            0.63,
            60243.75,
            160650.0
        ],
        [
            0.64,
            61200.0,
            163200.0
        ],
        [
            0.65,
            62156.25,
            165750.0
        ],
        [
            0.66,
            63112.5,
            168300.0
        ],
        [
            0.67,
            64068.75,
            170850.0
        ],
        [
            0.68,
            65025.0,
            173400.0
        ],
        [
            0.6900000000000001,
            65981.25,
            175950.00000000003
        ],
        [
            0.7000000000000001,
            66937.5,
            178500.00000000003
        ],
        [
            0.71,
            67893.75,
            181050.0
        ],
        [
            0.72,
            68850.0,
            183600.0
        ],
        [
            0.73,
            69806.25,
            186150.0
        ],
        [
            0.74,
            70762.5,
            188700.0
        ],
        [
            0.75,
            71718.75,
            191250.0
        ],
        [
            0.76,
            72675.0,
            193800.0
        ],
        [
            0.77,
            73631.25,
            196350.0
        ],
        [
            0.78,
            74587.5,
            198900.0
        ],
        [
            0.79,
            75543.75,
            201450.0
        ],
        [
            0.8,
            76500.0,
            204000.0
        ],
        [
