{
    "index": [
        0,
        1,
        2,
        3,
        4,
        5,
        6,
        7,
        8,
        9,
        10,
        11,
        12,
        13,
        14,
        15,
        16,
        17,
        18,
        19,
        20,
        21,
        22,
        23,
        24,
        25,
        26,
        27,
        28,
        29,
        30,
        31,
        32,
        33,
        34,
        35,
        36,
        37,
        38,
        39,
        40,
        41,
        42,
        43,
        44,
        45,
        46,
        47,
        48,
        49,
        50,
        51,
        52,
        53,
        54,
        55,
        56,
        57,
        58,
        59,
        60,
        61,
        62,
        63,
        64,
        65,
        66,
        67,
        68,
        69,
        70,
        71,
        72,
        73,
        74,
        75,
        76,
        77,
        78,
        79,
        80,
        81,
        82,
        83,
        84,
        85,
        86,
        87,
        88,
        89,
        90,
        91,
        92,
        93,
        94,
        95,
        96,
        97,
        98,
        99
    ],
    "columns": [
        "x",
        "low",
        "high"
    ],
    "data": [
        [
            0.01,
            956.25,
            6900.0
        ],
        [
            0.02,
            1912.5,
            13800.0
        ],
        [
            0.03,
            2868.75,
            20700.0
        ],
        [
            0.04,
            3825.0,
            27600.0
        ],
        [
            0.05,
            4781.25,
            34500.0
        ],
        [
            0.06,
            5737.5,
            41400.0
        ],
        [
            0.07,
            6693.750000000001,
            48300.00000000001
        ],
        [
            0.08,
            7650.0,
            55200.0
        ],
        [
            0.09,
            8606.25,
            62100.0
        ],
        [
            0.1,
            9562.5,
            69000.0
        ],
        [
            0.11,
            10518.75,
            75900.0
        ],
        [
            0.12,
            11475.0,
            82800.0
        ],
        [
            0.13,
            12431.25,
            89700.0
        ],
        [
            0.14,
            13387.500000000002,
            96600.00000000001
        ],
        [
            0.15,
            14343.75,
            103500.0
        ],
        [
            0.16,
            15300.0,
            110400.0
        ],
        [
            0.17,
            16256.25,
            117300.00000000001
        ],
        [
            0.18,
            17212.5,
            124200.0
        ],
        [
            0.19,
            18168.75,
            131100.0
        ],
        [
            0.2,
            19125.0,
            138000.0
        ],
        [
            0.21,
            20081.25,
            144900.0
        ],
        [
            0.22,
            21037.5,
            151800.0
        ],
        [
            0.23,
            21993.75,
            158700.0
        ],
        [
            0.24,
            22950.0,
            165600.0
        ],
        [
            0.25,
            23906.25,
            172500.0
        ],
        [
            0.26,
            24862.5,
            179400.0
        ],
        [
            0.27,
            25818.75,
            186300.0
        ],
        [
            0.28,
            26775.000000000004,
            193200.00000000003
        ],
        [
            0.29,
            27731.249999999996,
            200099.99999999997
        ],
        [
            0.3,
            28687.5,
            207000.0
        ],
        [
            0.31,
            29643.75,
            213900.0
        ],
        [
            0.32,
            30600.0,
            220800.0
        ],
        [
            0.33,
            31556.25,
            227700.0
        ],
        [
            0.34,
            32512.5,
            234600.00000000003
        ],
        [
            0.35000000000000003,
            33468.75,
            241500.00000000003
        ],
        [
            0.36,
            34425.0,
            248400.0
        ],
        [
            0.37,
            35381.25,
            255300.0
        ],
        [
            0.38,
            36337.5,
            262200.0
        ],
        [
            0.39,
            37293.75,
            269100.0
        ],
        [
            0.4,
            38250.0,
            276000.0
        ],
        [
            0.41000000000000003,
            39206.25,
            282900.0
        ],
        [
            0.42,
            40162.5,
            289800.0
        ],
        [
            0.43,
            41118.75,
            296700.0
        ],
        [
            0.44,
            42075.0,
            303600.0
        ],
        [
            0.45,
            43031.25,
            310500.0
        ],
        [
            0.46,
            43987.5,
            317400.0
        ],
        [
            0.47000000000000003,
            44943.75,
            324300.0
        ],
        [
            0.48,
            45900.0,
            331200.0
        ],
        [
            0.49,
            46856.25,
            338100.0
        ],
        [
            0.5,
            47812.5,
            345000.0
        ],
        [
            0.51,
            48768.75,
            351900.0
        ],
        [
            0.52,
            49725.0,
            358800.0
        ],
        [
            0.53,
            50681.25,
            365700.0
        ],
        [
            0.54,
            51637.5,
            372600.0
        ],
        [
            0.55,
            52593.75000000001,
            379500.00000000006
        ],
        [
            0.56,
            53550.00000000001,
            386400.00000000006
        ],
        [
            0.5700000000000001,
            54506.25000000001,
            393300.00000000006
        ],
        [
            0.58,
            55462.49999999999,
            400199.99999999994
        ],
        [
            0.59,
            56418.75,
            407100.0
        ],
        [
            0.6,
            57375.0,
            414000.0
        ],
        [
            0.61,
            58331.25,
            420900.0
        ],
        [
            0.62,
            59287.5,
            427800.0
        ],
        [
            0.63,
            60243.75,
            434700.0
        ],
        [
            0.64,
            61200.0,
            441600.0
        ],
        [
            0.65,
            62156.25,
            448500.0
        ],
        [
            0.66,
            63112.5,
            455400.0
        ],
        [
            0.67,
            64068.75,
            462300.00000000006
        ],
        [
            0.68,
            65025.0,
            469200.00000000006
        ],
        [
            0.6900000000000001,
            65981.25,
            476100.00000000006
        ],
        [
            0.7000000000000001,
            66937.5,
            483000.00000000006
        ],
        [
            0.71,
            67893.75,
            489900.0
        ],
        [
            0.72,
            68850.0,
            496800.0
        ],
        [
            0.73,
            69806.25,
            503700.0
        ],
        [
            0.74,
            70762.5,
            510600.0
        ],
        [
            0.75,
            71718.75,
            517500.0
        ],
        [
            0.76,
            72675.0,
            524400.0
        ],
        [
            0.77,
            73631.25,
            531300.0
        ],
        [
            0.78,
            74587.5,
            538200.0
        ],
        [
            0.79,
            75543.75,
