{
    "index": [
        0,
        1,
        2,
        3,
        4,
        5,
        6,
        7,
        8,
        9,
        10,
        11,
        12,
        13,
        14,
        15,
        16,
        17,
        18,
        19,
        20,
        21,
        22,
        23,
        24,
        25,
        26,
        27,
        28,
        29,
        30,
        31,
        32,
        33,
        34,
        35,
        36,
        37,
        38,
        39,
        40,
        41,
        42,
        43,
        44,
        45,
        46,
        47,
        48,
        49,
        50,
        51,
        52,
        53,
        54,
        55,
        56,
        57,
        58,
        59,
        60,
        61,
        62,
        63,
        64,
        65,
        66,
        67,
        68,
        69,
        70,
        71,
        72,
        73,
        74,
        75,
        76,
        77,
        78,
        79,
        80,
        81,
        82,
        83,
        84,
        85,
        86,
        87,
        88,
        89,
        90,
        91,
        92,
        93,
        94,
        95,
        96,
        97,
        98,
        99
    ],
    "columns": [
        "x",
        "low",
        "high"
    ],
    "data": [
        [
            0.01,
            127500.0,
            318750.0
        ],
        [
            0.02,
            255000.0,
            637500.0
        ],
        [
            0.03,
            382500.0,
            956250.0
        ],
        [
            0.04,
            510000.0,
            1275000.0
        ],
        [
            0.05,
            637500.0,
            1593750.0
        ],
        [
            0.06,
            765000.0,
            1912500.0
        ],
        [
            0.07,
            892500.0000000001,
            2231250.0
        ],
        [
            0.08,
            1020000.0,
            2550000.0
        ],
        [
            0.09,
            1147500.0,
            2868750.0
        ],
        [
            0.1,
            1275000.0,
            3187500.0
        ],
        [
            0.11,
            1402500.0,
            3506250.0
        ],
        [
            0.12,
            1530000.0,
            3825000.0
        ],
        [
            0.13,
            1657500.0,
            4143750.0
        ],
        [
            0.14,
            1785000.0000000002,
            4462500.0
        ],
        [
            0.15,
            1912500.0,
            4781250.0
        ],
        [
            0.16,
            2040000.0,
            5100000.0
        ],
        [
            0.17,
            2167500.0,
            5418750.0
        ],
        [
            0.18,
            2295000.0,
            5737500.0
        ],
        [
            0.19,
            2422500.0,
            6056250.0
        ],
        [
            0.2,
            2550000.0,
            6375000.0
        ],
        [
            0.21,
            2677500.0,
            6693750.0
        ],
        [
            0.22,
            2805000.0,
            7012500.0
        ],
        [
            0.23,
            2932500.0,
            7331250.0
        ],
        [
            0.24,
            3060000.0,
            7650000.0
        ],
        [
            0.25,
            3187500.0,
            7968750.0
        ],
        [
            0.26,
            3315000.0,
            8287500.0
        ],
        [
            0.27,
            3442500.0000000005,
            8606250.0
        ],
        [
            0.28,
            3570000.0000000005,
            8925000.0
        ],
        [
            0.29,
            3697499.9999999995,
            9243750.0
        ],
        [
            0.3,
            3825000.0,
            9562500.0
        ],
        [
            0.31,
            3952500.0,
            9881250.0
        ],
        [
            0.32,
            4080000.0,
            10200000.0
        ],
        [
            0.33,
            4207500.0,
            10518750.0
        ],
        [
            0.34,
            4335000.0,
            10837500.0
        ],
        [
            0.35000000000000003,
            4462500.0,
            11156250.000000002
        ],
        [
            0.36,
            4590000.0,
            11475000.0
        ],
        [
            0.37,
            4717500.0,
            11793750.0
        ],
        [
            0.38,
            4845000.0,
            12112500.0
        ],
        [
            0.39,
            4972500.0,
            12431250.0
        ],
        [
            0.4,
            5100000.0,
            12750000.0
        ],
        [
            0.41000000000000003,
            5227500.0,
            13068750.000000002
        ],
        [
            0.42,
            5355000.0,
            13387500.0
        ],
        [
            0.43,
            5482500.0,
            13706250.0
        ],
        [
            0.44,
            5610000.0,
            14025000.0
        ],
        [
            0.45,
            5737500.0,
            14343750.0
        ],
        [
            0.46,
            5865000.0,
            14662500.0
        ],
        [
            0.47000000000000003,
            5992500.0,
            14981250.000000002
        ],
        [
            0.48,
            6120000.0,
            15300000.0
        ],
        [
            0.49,
            6247500.0,
            15618750.0
        ],
        [
            0.5,
            6375000.0,
            15937500.0
        ],
        [
            0.51,
            6502500.0,
            16256250.0
        ],
        [
            0.52,
            6630000.0,
            16575000.0
        ],
        [
            0.53,
            6757500.0,
            16893750.0
        ],
        [
            0.54,
            6885000.000000001,
            17212500.0
        ],
        [
            0.55,
            7012500.000000001,
            17531250.0
        ],
        [
            0.56,
            7140000.000000001,
            17850000.0
        ],
        [
            0.5700000000000001,
            7267500.000000001,
            18168750.000000004
        ],
        [
            0.58,
            7394999.999999999,
            18487500.0
        ],
        [
            0.59,
            7522500.0,
            18806250.0
        ],
        [
            0.6,
            7650000.0,
            19125000.0
        ],
        [
            0.61,
            7777500.0,
            19443750.0
        ],
        [
            0.62,
            7905000.0,
            19762500.0
        ],
        [
            0.63,
            8032500.0,
            20081250.0
        ],
        [
            0.64,
            8160000.0,
            20400000.0
        ],
        [
            0.65,
            8287500.0,
            20718750.0
        ],
        [
            0.66,
            8415000.0,
            21037500.0
        ],
        [
            0.67,
            8542500.0,
            21356250.0
        ],
        [
            0.68,
            8670000.0,
            21675000.0
        ],
        [
            0.6900000000000001,
            8797500.0,
            21993750.000000004
        ],
        [
            0.7000000000000001,
            8925000.0,
            22312500.000000004
        ],
        [
            0.71,
            9052500.0,
            22631250.0
        ],
        [
            0.72,
            9180000.0,
            22950000.0
        ],
        [
            0.73,
            9307500.0,
            23268750.0
        ],
        [
            0.74,
            9435000.0,
            23587500.0
        ],
        [
            0.75,
            9562500.0,
            23906250.0
        ],
        [
            0.76,
            9690000.0,
            24225000.0
        ],
        [
            0.77,
            9817500.0,
