{
    "index": [
        0,
        1,
        2,
        3,
        4,
        5,
        6,
        7,
        8,
        9,
        10,
        11,
        12,
        13,
        14,
        15,
        16,
        17,
        18,
        19,
        20,
        21,
        22,
        23,
        24,
        25,
        26,
        27,
        28,
        29,
        30,
        31,
        32,
        33,
        34,
        35,
        36,
        37,
        38,
        39,
        40,
        41,
        42,
        43,
        44,
        45,
        46,
        47,
        48,
        49,
        50,
        51,
        52,
        53,
        54,
        55,
        56,
        57,
        58,
        59,
        60,
        61,
        62,
        63,
        64,
        65,
        66,
        67,
        68,
        69,
        70,
        71,
        72,
        73,
        74,
        75,
        76,
        77,
        78,
        79,
        80,
        81,
        82,
        83,
        84,
        85,
        86,
        87,
        88,
        89,
        90,
        91,
        92,
        93,
        94,
        95,
        96,
        97,
        98,
        99
    ],
    "columns": [
        "x",
        "low",
        "high"
    ],
    "data": [
        [
            0.01,
            1275.0,
            3187.5
        ],
        [
            0.02,
            2550.0,
            6375.0
        ],
        [
            0.03,
            3825.0,
            9562.5
        ],
        [
            0.04,
            5100.0,
            12750.0
        ],
        [
            0.05,
            6375.0,
            15937.5
        ],
        [
            0.06,
            7650.0,
            19125.0
        ],
        [
            0.07,
            8925.0,
            22312.500000000004
        ],
        [
            0.08,
            10200.0,
            25500.0
        ],
        [
            0.09,
            11475.0,
            28687.5
        ],
        [
            0.1,
            12750.0,
            31875.0
        ],
        [
            0.11,
            14025.0,
            35062.5
        ],
        [
            0.12,
            15300.0,
            38250.0
        ],
        [
            0.13,
            16575.0,
            41437.5
        ],
        [
            0.14,
            17850.0,
            44625.00000000001
        ],
        [
            0.15,
            19125.0,
            47812.5
        ],
        [
            0.16,
            20400.0,
            51000.0
        ],
        [
            0.17,
            21675.0,
            54187.50000000001
        ],
        [
            0.18,
            22950.0,
            57375.0
        ],
        [
            0.19,
            24225.0,
            60562.5
        ],
        [
            0.2,
            25500.0,
            63750.0
        ],
        [
            0.21,
            26775.0,
            66937.5
        ],
        [
            0.22,
            28050.0,
            70125.0
        ],
        [
            0.23,
            29325.0,
            73312.5
        ],
        [
            0.24,
            30600.0,
            76500.0
        ],
        [
            0.25,
            31875.0,
            79687.5
        ],
        [
            0.26,
            33150.0,
            82875.0
        ],
        [
            0.27,
            34425.0,
            86062.5
        ],
        [
            0.28,
            35700.0,
            89250.00000000001
        ],
        [
            0.29,
            36975.0,
            92437.5
        ],
        [
            0.3,
            38250.0,
            95625.0
        ],
        [
            0.31,
            39525.0,
            98812.5
        ],
        [
            0.32,
            40800.0,
            102000.0
        ],
        [
            0.33,
            42075.0,
            105187.5
        ],
        [
            0.34,
            43350.0,
            108375.00000000001
        ],
        [
            0.35000000000000003,
            44625.00000000001,
            111562.50000000001
        ],
        [
            0.36,
            45900.0,
            114750.0
        ],
        [
            0.37,
            47175.0,
            117937.5
        ],
        [
            0.38,
            48450.0,
            121125.0
        ],
        [
            0.39,
            49725.0,
            124312.5
        ],
        [
            0.4,
            51000.0,
            127500.0
        ],
        [
            0.41000000000000003,
            52275.00000000001,
            130687.5
        ],
        [
            0.42,
            53550.0,
            133875.0
        ],
        [
            0.43,
            54825.0,
            137062.5
        ],
        [
            0.44,
            56100.0,
            140250.0
        ],
        [
            0.45,
            57375.0,
            143437.5
        ],
        [
            0.46,
            58650.0,
            146625.0
        ],
        [
            0.47000000000000003,
            59925.00000000001,
            149812.5
        ],
        [
            0.48,
            61200.0,
            153000.0
        ],
        [
            0.49,
            62475.0,
            156187.5
        ],
        [
            0.5,
            63750.0,
            159375.0
        ],
        [
            0.51,
            65025.0,
            162562.5
        ],
        [
            0.52,
            66300.0,
            165750.0
        ],
        [
            0.53,
            67575.0,
            168937.5
        ],
        [
            0.54,
            68850.0,
            172125.0
        ],
        [
            0.55,
            70125.0,
            175312.50000000003
        ],
        [
            0.56,
            71400.0,
            178500.00000000003
        ],
        [
            0.5700000000000001,
            72675.00000000001,
            181687.50000000003
        ],
        [
            0.58,
            73950.0,
            184875.0
        ],
        [
            0.59,
            75225.0,
            188062.5
        ],
        [
            0.6,
            76500.0,
            191250.0
        ],
        [
            0.61,
            77775.0,
            194437.5
        ],
        [
            0.62,
            79050.0,
            197625.0
        ],
        [
            0.63,
            80325.0,
            200812.5
        ],
        [
            0.64,
            81600.0,
            204000.0
        ],
        [
            0.65,
            82875.0,
            207187.5
        ],
        [
            0.66,
            84150.0,
            210375.0
        ],
        [
            0.67,
            85425.0,
            213562.5
        ],
        [
            0.68,
            86700.0,
            216750.00000000003
        ],
        [
            0.6900000000000001,
            87975.00000000001,
            219937.50000000003
        ],
        [
            0.7000000000000001,
            89250.00000000001,
            223125.00000000003
        ],
        [
            0.71,
            90525.0,
            226312.5
        ],
        [
            0.72,
            91800.0,
            229500.0
        ],
        [
            0.73,
            93075.0,
            232687.5
        ],
        [
            0.74,
            94350.0,
            235875.0
        ],
        [
            0.75,
            95625.0,
            239062.5
        ],
        [
            0.76,
            96900.0,
            242250.0
        ],
        [
            0.77,
            98175.0,
            245437.5
        ],
        [
            0.78,
            99450.0,
            248625.0
        ],
        [
            0.79,
            100725.0,
            251812.5
        ],
        [
            0.8,
            102000.0,
            255000.0
        ],
