{
    "index": [
        0,
        1,
        2,
        3,
        4,
        5,
        6,
        7,
        8,
        9,
        10,
        11,
        12,
        13,
        14,
        15,
        16,
        17,
        18,
        19,
        20,
        21,
        22,
        23,
        24,
        25,
        26,
        27,
        28,
        29,
        30,
        31,
        32,
        33,
        34,
        35,
        36,
        37,
        38,
        39,
        40,
        41,
        42,
        43,
        44,
        45,
        46,
        47,
        48,
        49,
        50,
        51,
        52,
        53,
        54,
        55,
        56,
        57,
        58,
        59,
        60,
        61,
        62,
        63,
        64,
        65,
        66,
        67,
        68,
        69,
        70,
        71,
        72,
        73,
        74,
        75,
        76,
        77,
        78,
        79,
        80,
        81,
        82,
        83,
        84,
        85,
        86,
        87,
        88,
        89,
        90,
        91,
        92,
        93,
        94,
        95,
        96,
        97,
        98,
        99
    ],
    "columns": [
        "x",
        "low",
        "high"
    ],
    "data": [
        [
            0.01,
            1275.0,
            8625.0
        ],
        [
            0.02,
            2550.0,
            17250.0
        ],
        [
            0.03,
            3825.0,
            25875.0
        ],
        [
            0.04,
            5100.0,
            34500.0
        ],
        [
            0.05,
            6375.0,
            43125.0
        ],
        [
            0.06,
            7650.0,
            51750.0
        ],
        [
            0.07,
            8925.0,
            60375.00000000001
        ],
        [
            0.08,
            10200.0,
            69000.0
        ],
        [
            0.09,
            11475.0,
            77625.0
        ],
        [
            0.1,
            12750.0,
            86250.0
        ],
        [
            0.11,
            14025.0,
            94875.0
        ],
        [
            0.12,
            15300.0,
            103500.0
        ],
        [
            0.13,
            16575.0,
            112125.0
        ],
        [
            0.14,
            17850.0,
            120750.00000000001
        ],
        [
            0.15,
            19125.0,
            129375.0
        ],
        [
            0.16,
            20400.0,
            138000.0
        ],
        [
            0.17,
            21675.0,
            146625.0
        ],
        [
            0.18,
            22950.0,
            155250.0
        ],
        [
            0.19,
            24225.0,
            163875.0
        ],
        [
            0.2,
            25500.0,
            172500.0
        ],
        [
            0.21,
            26775.0,
            181125.0
        ],
        [
            0.22,
            28050.0,
            189750.0
        ],
        [
            0.23,
            29325.0,
            198375.0
        ],
        [
            0.24,
            30600.0,
            207000.0
        ],
        [
            0.25,
            31875.0,
            215625.0
        ],
        [
            0.26,
            33150.0,
            224250.0
        ],
        [
            0.27,
            34425.0,
            232875.00000000003
        ],
        [
            0.28,
            35700.0,
            241500.00000000003
        ],
        [
            0.29,
            36975.0,
            250125.0
        ],
        [
            0.3,
            38250.0,
            258750.0
        ],
        [
            0.31,
            39525.0,
            267375.0
        ],
        [
            0.32,
            40800.0,
            276000.0
        ],
        [
            0.33,
            42075.0,
            284625.0
        ],
        [
            0.34,
            43350.0,
            293250.0
        ],
        [
            0.35000000000000003,
            44625.00000000001,
            301875.00000000006
        ],
        [
            0.36,
            45900.0,
            310500.0
        ],
        [
            0.37,
            47175.0,
            319125.0
        ],
        [
            0.38,
            48450.0,
            327750.0
        ],
        [
            0.39,
            49725.0,
            336375.0
        ],
        [
            0.4,
            51000.0,
            345000.0
        ],
        [
            0.41000000000000003,
            52275.00000000001,
            353625.0
        ],
        [
            0.42,
            53550.0,
            362250.0
        ],
        [
            0.43,
            54825.0,
            370875.0
        ],
        [
            0.44,
            56100.0,
            379500.0
        ],
        [
            0.45,
            57375.0,
            388125.0
        ],
        [
            0.46,
            58650.0,
            396750.0
        ],
        [
            0.47000000000000003,
            59925.00000000001,
            405375.0
        ],
        [
            0.48,
            61200.0,
            414000.0
        ],
        [
            0.49,
            62475.0,
            422625.0
        ],
        [
            0.5,
            63750.0,
            431250.0
        ],
        [
            0.51,
            65025.0,
            439875.0
        ],
        [
            0.52,
            66300.0,
            448500.0
        ],
        [
            0.53,
            67575.0,
            457125.0
        ],
        [
            0.54,
            68850.0,
            465750.00000000006
        ],
        [
            0.55,
            70125.0,
            474375.00000000006
        ],
        [
            0.56,
            71400.0,
            483000.00000000006
        ],
        [
            0.5700000000000001,
            72675.00000000001,
            491625.0
        ],
        [
            0.58,
            73950.0,
            500250.0
        ],
        [
            0.59,
            75225.0,
            508875.0
        ],
        [
            0.6,
            76500.0,
            517500.0
        ],
        [
            0.61,
            77775.0,
            526125.0
        ],
        [
            0.62,
            79050.0,
            534750.0
        ],
        [
            0.63,
            80325.0,
            543375.0
        ],
        [
            0.64,
            81600.0,
            552000.0
        ],
        [
            0.65,
            82875.0,
            560625.0
        ],
        [
            0.66,
            84150.0,
            569250.0
        ],
        [
            0.67,
            85425.0,
            577875.0
        ],
        [
            0.68,
            86700.0,
            586500.0
        ],
        [
            0.6900000000000001,
            87975.00000000001,
            595125.0
        ],
        [
            0.7000000000000001,
            89250.00000000001,
            603750.0000000001
        ],
        [
            0.71,
            90525.0,
            612375.0
        ],
        [
            0.72,
            91800.0,
            621000.0
        ],
        [
            0.73,
            93075.0,
            629625.0
        ],
        [
            0.74,
            94350.0,
            638250.0
        ],
        [
            0.75,
            95625.0,
            646875.0
        ],
        [
            0.76,
            96900.0,
            655500.0
        ],
        [
            0.77,
            98175.0,
            664125.0
        ],
        [
            0.78,
            99450.0,
            672750.0
        ],
        [
            0.79,
            100725.0,
            681375.0
        ],
        [
            0.8,
            102000.0,
            690000.0
        ],
        [
