{
    "index": [
        0,
        1,
        2,
        3,
        4,
        5,
        6,
        7,
        8,
        9,
        10,
        11,
        12,
        13,
        14,
        15,
        16,
        17,
        18,
        19,
        20,
        21,
        22,
        23,
        24,
        25,
        26,
        27,
        28,
        29,
        30,
        31,
        32,
        33,
        34,
        35,
        36,
        37,
        38,
        39,
        40,
        41,
        42,
        43,
        44,
        45,
        46,
        47,
        48,
        49,
        50,
        51,
        52,
        53,
        54,
        55,
        56,
        57,
        58,
        59,
        60,
        61,
        62,
        63,
        64,
        65,
        66,
        67,
        68,
        69,
        70,
        71,
        72,
        73,
        74,
        75,
        76,
        77,
        78,
        79,
        80,
        81,
        82,
        83,
        84,
        85,
        86,
        87,
        88,
        89,
        90,
        91,
        92,
        93,
        94,
        95,
        96,
        97,
        98,
        99
    ],
    "columns": [
        "x",
        "low",
        "high"
    ],
    "data": [
        [
            0.01,
            51000.0,
            76200.0
        ],
        [
            0.02,
            102000.0,
            152400.0
        ],
        [
            0.03,
            153000.0,
            228600.0
        ],
        [
            0.04,
            204000.0,
            304800.0
        ],
        [
            0.05,
            255000.0,
            381000.0
        ],
        [
            0.06,
            306000.0,
            457200.0
        ],
        [
            0.07,
            357000.00000000006,
            533400.0
        ],
        [
            0.08,
            408000.0,
            609600.0
        ],
        [
            0.09,
            459000.0,
            685800.0
        ],
        [
            0.1,
            510000.0,
            762000.0
        ],
        [
            0.11,
            561000.0,
            838200.0
        ],
        [
            0.12,
            612000.0,
            914400.0
        ],
        [
            0.13,
            663000.0,
            990600.0
        ],
        [
            0.14,
            714000.0000000001,
            1066800.0
        ],
        [
            0.15,
            765000.0,
            1143000.0
        ],
        [
            0.16,
            816000.0,
            1219200.0
        ],
        [
            0.17,
            867000.0000000001,
            1295400.0
        ],
        [
            0.18,
            918000.0,
            1371600.0
        ],
        [
            0.19,
            969000.0,
            1447800.0
        ],
        [
            0.2,
            1020000.0,
            1524000.0
        ],
        [
            0.21,
            1071000.0,
            1600200.0
        ],
        [
            0.22,
            1122000.0,
            1676400.0
        ],
        [
            0.23,
            1173000.0,
            1752600.0
        ],
        [
            0.24,
            1224000.0,
            1828800.0
        ],
        [
            0.25,
            1275000.0,
            1905000.0
        ],
        [
            0.26,
            1326000.0,
            1981200.0
        ],
        [
            0.27,
            1377000.0,
            2057400.0
        ],
        [
            0.28,
            1428000.0000000002,
            2133600.0
        ],
        [
            0.29,
            1479000.0,
            2209800.0
        ],
        [
            0.3,
            1530000.0,
            2286000.0
        ],
        [
            0.31,
            1581000.0,
            2362200.0
        ],
        [
            0.32,
            1632000.0,
            2438400.0
        ],
        [
            0.33,
            1683000.0,
            2514600.0
        ],
        [
            0.34,
            1734000.0000000002,
            2590800.0
        ],
        [
            0.35000000000000003,
            1785000.0000000002,
            2667000.0000000005
        ],
        [
            0.36,
            1836000.0,
            2743200.0
        ],
        [
            0.37,
            1887000.0,
            2819400.0
        ],
        [
            0.38,
            1938000.0,
            2895600.0
        ],
        [
            0.39,
            1989000.0,
            2971800.0
        ],
        [
            0.4,
            2040000.0,
            3048000.0
        ],
        [
            0.41000000000000003,
            2091000.0,
            3124200.0000000005
        ],
        [
            0.42,
            2142000.0,
            3200400.0
        ],
        [
            0.43,
            2193000.0,
            3276600.0
        ],
        [
            0.44,
            2244000.0,
            3352800.0
        ],
        [
            0.45,
            2295000.0,
            3429000.0
        ],
        [
            0.46,
            2346000.0,
            3505200.0
        ],
        [
            0.47000000000000003,
            2397000.0,
            3581400.0000000005
        ],
        [
            0.48,
            2448000.0,
            3657600.0
        ],
        [
            0.49,
            2499000.0,
            3733800.0
        ],
        [
            0.5,
            2550000.0,
            3810000.0
        ],
        [
            0.51,
            2601000.0,
            3886200.0
        ],
        [
            0.52,
            2652000.0,
            3962400.0
        ],
        [
            0.53,
            2703000.0,
            4038600.0
        ],
        [
            0.54,
            2754000.0,
            4114800.0
        ],
        [
            0.55,
            2805000.0000000005,
            4191000.0
        ],
        [
            0.56,
            2856000.0000000005,
            4267200.0
        ],
        [
            0.5700000000000001,
            2907000.0000000005,
            4343400.000000001
        ],
        [
            0.58,
            2958000.0,
            4419600.0
        ],
        [
            0.59,
            3009000.0,
            4495800.0
        ],
        [
            0.6,
            3060000.0,
            4572000.0
        ],
        [
            0.61,
            3111000.0,
            4648200.0
        ],
        [
            0.62,
            3162000.0,
            4724400.0
        ],
        [
            0.63,
            3213000.0,
            4800600.0
        ],
        [
            0.64,
            3264000.0,
            4876800.0
        ],
        [
            0.65,
            3315000.0,
            4953000.0
        ],
        [
            0.66,
            3366000.0,
            5029200.0
        ],
        [
            0.67,
            3417000.0,
            5105400.0
        ],
        [
            0.68,
            3468000.0000000005,
            5181600.0
        ],
        [
            0.6900000000000001,
            3519000.0000000005,
            5257800.000000001
        ],
        [
            0.7000000000000001,
            3570000.0000000005,
            5334000.000000001
        ],
        [
            0.71,
            3621000.0,
            5410200.0
        ],
        [
            0.72,
            3672000.0,
            5486400.0
        ],
        [
            0.73,
            3723000.0,
            5562600.0
        ],
        [
            0.74,
            3774000.0,
            5638800.0
        ],
        [
            0.75,
            3825000.0,
            5715000.0
        ],
        [
            0.76,
            3876000.0,
            5791200.0
        ],
        [
            0.77,
            3927000.0,
            5867400.0
        ],
        [
            0.78,
