{
    "index": [
        0,
        1,
        2,
        3,
        4,
        5,
        6,
        7,
        8,
        9,
        10,
        11,
        12,
        13,
        14,
        15,
        16,
        17,
        18,
        19,
        20,
        21,
        22,
        23,
        24,
        25,
        26,
        27,
        28,
        29,
        30,
        31,
        32,
        33,
        34,
        35,
        36,
        37,
        38,
        39,
        40,
        41,
        42,
        43,
        44,
        45,
        46,
        47,
        48,
        49,
        50,
        51,
        52,
        53,
        54,
        55,
        56,
        57,
        58,
        59,
        60,
        61,
        62,
        63,
        64,
        65,
        66,
        67,
        68,
        69,
        70,
        71,
        72,
        73,
        74,
        75,
        76,
        77,
        78,
        79,
        80,
        81,
        82,
        83,
        84,
        85,
        86,
        87,
        88,
        89,
        90,
        91,
        92,
        93,
        94,
        95,
        96,
        97,
        98,
        99
    ],
    "columns": [
        "x",
        "low",
        "high"
    ],
    "data": [
        [
            0.01,
            125970000.0,
            126862500.0
        ],
        [
            0.02,
            251940000.0,
            253725000.0
        ],
        [
            0.03,
            377910000.0,
            380587500.0
        ],
        [
            0.04,
            503880000.0,
            507450000.0
        ],
        [
            0.05,
            629850000.0,
            634312500.0
        ],
        [
            0.06,
            755820000.0,
            761175000.0
        ],
        [
            0.07,
            881790000.0000001,
            888037500.0000001
        ],
        [
            0.08,
            1007760000.0,
            1014900000.0
        ],
        [
            0.09,
            1133730000.0,
            1141762500.0
        ],
        [
            0.1,
            1259700000.0,
            1268625000.0
        ],
        [
            0.11,
            1385670000.0,
            1395487500.0
        ],
        [
            0.12,
            1511640000.0,
            1522350000.0
        ],
        [
            0.13,
            1637610000.0,
            1649212500.0
        ],
        [
            0.14,
            1763580000.0000002,
            1776075000.0000002
        ],
        [
            0.15,
            1889550000.0,
            1902937500.0
        ],
        [
            0.16,
            2015520000.0,
            2029800000.0
        ],
        [
            0.17,
            2141490000.0,
            2156662500.0
        ],
        [
            0.18,
            2267460000.0,
            2283525000.0
        ],
        [
            0.19,
            2393430000.0,
            2410387500.0
        ],
        [
            0.2,
            2519400000.0,
            2537250000.0
        ],
        [
            0.21,
            2645370000.0,
            2664112500.0
        ],
        [
            0.22,
            2771340000.0,
            2790975000.0
        ],
        [
            0.23,
            2897310000.0,
            2917837500.0
        ],
        [
            0.24,
            3023280000.0,
            3044700000.0
        ],
        [
            0.25,
            3149250000.0,
            3171562500.0
        ],
        [
            0.26,
            3275220000.0,
            3298425000.0
        ],
        [
            0.27,
            3401190000.0000005,
            3425287500.0000005
        ],
        [
            0.28,
            3527160000.0000005,
            3552150000.0000005
        ],
        [
            0.29,
            3653129999.9999995,
            3679012499.9999995
        ],
        [
            0.3,
            3779100000.0,
            3805875000.0
        ],
        [
            0.31,
            3905070000.0,
            3932737500.0
        ],
        [
            0.32,
            4031040000.0,
            4059600000.0
        ],
        [
            0.33,
            4157010000.0,
            4186462500.0
        ],
        [
            0.34,
            4282980000.0,
            4313325000.0
        ],
        [
            0.35000000000000003,
            4408950000.0,
            4440187500.0
        ],
        [
            0.36,
            4534920000.0,
            4567050000.0
        ],
        [
            0.37,
            4660890000.0,
            4693912500.0
        ],
        [
            0.38,
            4786860000.0,
            4820775000.0
        ],
        [
            0.39,
            4912830000.0,
            4947637500.0
        ],
        [
            0.4,
            5038800000.0,
            5074500000.0
        ],
        [
            0.41000000000000003,
            5164770000.0,
            5201362500.0
        ],
        [
            0.42,
            5290740000.0,
            5328225000.0
        ],
        [
            0.43,
            5416710000.0,
            5455087500.0
        ],
        [
            0.44,
            5542680000.0,
            5581950000.0
        ],
        [
            0.45,
            5668650000.0,
            5708812500.0
        ],
        [
            0.46,
            5794620000.0,
            5835675000.0
        ],
        [
            0.47000000000000003,
            5920590000.0,
            5962537500.0
        ],
        [
            0.48,
            6046560000.0,
            6089400000.0
        ],
        [
            0.49,
            6172530000.0,
            6216262500.0
        ],
        [
            0.5,
            6298500000.0,
            6343125000.0
        ],
        [
            0.51,
            6424470000.0,
            6469987500.0
        ],
        [
            0.52,
            6550440000.0,
            6596850000.0
        ],
        [
            0.53,
            6676410000.0,
            6723712500.0
        ],
        [
            0.54,
            6802380000.000001,
            6850575000.000001
        ],
        [
            0.55,
            6928350000.000001,
            6977437500.000001
        ],
        [
            0.56,
            7054320000.000001,
            7104300000.000001
        ],
        [
            0.5700000000000001,
            7180290000.000001,
            7231162500.000001
        ],
        [
            0.58,
            7306259999.999999,
            7358024999.999999
        ],
        [
            0.59,
            7432230000.0,
            7484887500.0
        ],
        [
            0.6,
            7558200000.0,
            7611750000.0
        ],
        [
            0.61,
            7684170000.0,
            7738612500.0
        ],
        [
            0.62,
            7810140000.0,
            7865475000.0
        ],
        [
            0.63,
            7936110000.0,
            7992337500.0
        ],
        [
            0.64,
            8062080000.0,
            8119200000.0
        ],
        [
            0.65,
            8188050000.0,
            8246062500.0
        ],
        [
            0.66,
            8314020000.0,
            8372925000.0
        ],
        [
            0.67,
            8439990000.0,
            8499787500.0
        ],
        [
            0.68,
            8565960000.0,
            8626650000.0
        ],
        [
            0.6900000000000001,
            8691930000.0,
            8753512500.0
        ],
        [
            0.7000000000000001,
            8817900000.0,
            8880375000.0
        ],
        [
            0.71,
            8943870000.0,
            9007237500.0
        ],
        [
            0.72,
            9069840000.0,
            9134100000.0
        ],
        [
            0.73,
