{
    "index": [
        0,
        1,
        2,
        3,
        4,
        5,
        6,
        7,
        8,
        9,
        10,
        11,
        12,
        13,
        14,
        15,
        16,
        17,
        18,
        19,
        20,
        21,
        22,
        23,
        24,
        25,
        26,
        27,
        28,
        29,
        30,
        31,
        32,
        33,
        34,
        35,
        36,
        37,
        38,
        39,
        40,
        41,
        42,
        43,
        44,
        45,
        46,
        47,
        48,
        49,
        50,
        51,
        52,
        53,
        54,
        55,
        56,
        57,
        58,
        59,
        60,
        61,
        62,
        63,
        64,
        65,
        66,
        67,
        68,
        69,
        70,
        71,
        72,
        73,
        74,
        75,
        76,
        77,
        78,
        79,
        80,
        81,
        82,
        83,
        84,
        85,
        86,
        87,
        88,
        89,
        90,
        91,
        92,
        93,
        94,
        95,
        96,
        97,
        98,
        99
    ],
    "columns": [
        "x",
        "low",
        "high"
    ],
    "data": [
        [
            0.01,
            1259700.0,
            3432750.0
        ],
        [
            0.02,
            2519400.0,
            6865500.0
        ],
        [
            0.03,
            3779100.0,
            10298250.0
        ],
        [
            0.04,
            5038800.0,
            13731000.0
        ],
        [
            0.05,
            6298500.0,
            17163750.0
        ],
        [
            0.06,
            7558200.0,
            20596500.0
        ],
        [
            0.07,
            8817900.0,
            24029250.000000004
        ],
        [
            0.08,
            10077600.0,
            27462000.0
        ],
        [
            0.09,
            11337300.0,
            30894750.0
        ],
        [
            0.1,
            12597000.0,
            34327500.0
        ],
        [
            0.11,
            13856700.0,
            37760250.0
        ],
        [
            0.12,
            15116400.0,
            41193000.0
        ],
        [
            0.13,
            16376100.0,
            44625750.0
        ],
        [
            0.14,
            17635800.0,
            48058500.00000001
        ],
        [
            0.15,
            18895500.0,
            51491250.0
        ],
        [
            0.16,
            20155200.0,
            54924000.0
        ],
        [
            0.17,
            21414900.0,
            58356750.00000001
        ],
        [
            0.18,
            22674600.0,
            61789500.0
        ],
        [
            0.19,
            23934300.0,
            65222250.0
        ],
        [
            0.2,
            25194000.0,
            68655000.0
        ],
        [
            0.21,
            26453700.0,
            72087750.0
        ],
        [
            0.22,
            27713400.0,
            75520500.0
        ],
        [
            0.23,
            28973100.0,
            78953250.0
        ],
        [
            0.24,
            30232800.0,
            82386000.0
        ],
        [
            0.25,
            31492500.0,
            85818750.0
        ],
        [
            0.26,
            32752200.0,
            89251500.0
        ],
        [
            0.27,
            34011900.0,
            92684250.0
        ],
        [
            0.28,
            35271600.0,
            96117000.00000001
        ],
        [
            0.29,
            36531300.0,
            99549750.0
        ],
        [
            0.3,
            37791000.0,
            102982500.0
        ],
        [
            0.31,
            39050700.0,
            106415250.0
        ],
        [
            0.32,
            40310400.0,
            109848000.0
        ],
        [
            0.33,
            41570100.0,
            113280750.0
        ],
        [
            0.34,
            42829800.0,
            116713500.00000001
        ],
        [
            0.35000000000000003,
            44089500.00000001,
            120146250.00000001
        ],
        [
            0.36,
            45349200.0,
            123579000.0
        ],
        [
            0.37,
            46608900.0,
            127011750.0
        ],
        [
            0.38,
            47868600.0,
            130444500.0
        ],
        [
            0.39,
            49128300.0,
            133877250.0
        ],
        [
            0.4,
            50388000.0,
            137310000.0
        ],
        [
            0.41000000000000003,
            51647700.00000001,
            140742750.0
        ],
        [
            0.42,
            52907400.0,
            144175500.0
        ],
        [
            0.43,
            54167100.0,
            147608250.0
        ],
        [
            0.44,
            55426800.0,
            151041000.0
        ],
        [
            0.45,
            56686500.0,
            154473750.0
        ],
        [
            0.46,
            57946200.0,
            157906500.0
        ],
        [
            0.47000000000000003,
            59205900.00000001,
            161339250.0
        ],
        [
            0.48,
            60465600.0,
            164772000.0
        ],
        [
            0.49,
            61725300.0,
            168204750.0
        ],
        [
            0.5,
            62985000.0,
            171637500.0
        ],
        [
            0.51,
            64244700.0,
            175070250.0
        ],
        [
            0.52,
            65504400.0,
            178503000.0
        ],
        [
            0.53,
            66764100.0,
            181935750.0
        ],
        [
            0.54,
            68023800.0,
            185368500.0
        ],
        [
            0.55,
            69283500.0,
            188801250.00000003
        ],
        [
            0.56,
            70543200.0,
            192234000.00000003
        ],
        [
            0.5700000000000001,
            71802900.00000001,
            195666750.00000003
        ],
        [
            0.58,
            73062600.0,
            199099500.0
        ],
        [
            0.59,
            74322300.0,
            202532250.0
        ],
        [
            0.6,
            75582000.0,
            205965000.0
        ],
        [
            0.61,
            76841700.0,
            209397750.0
        ],
        [
            0.62,
            78101400.0,
            212830500.0
        ],
        [
            0.63,
            79361100.0,
            216263250.0
        ],
        [
            0.64,
            80620800.0,
            219696000.0
        ],
        [
            0.65,
            81880500.0,
            223128750.0
        ],
        [
            0.66,
            83140200.0,
            226561500.0
        ],
        [
            0.67,
            84399900.0,
            229994250.0
        ],
        [
            0.68,
            85659600.0,
            233427000.00000003
        ],
        [
            0.6900000000000001,
            86919300.00000001,
            236859750.00000003
        ],
        [
            0.7000000000000001,
            88179000.00000001,
            240292500.00000003
        ],
        [
            0.71,
            89438700.0,
            243725250.0
        ],
        [
            0.72,
            90698400.0,
            247158000.0
        ],
        [
            0.73,
            91958100.0,
            250590750.0
        ],
        [
            0.74,
            93217800.0,
            254023500.0
        ],
        [
            0.75,
            94477500.0,
            257456250.0
        ],
        [
