{
    "index": [
        0,
        1,
        2,
        3,
        4,
        5,
        6,
        7,
        8,
        9,
        10,
        11,
        12,
        13,
        14,
        15,
        16,
        17,
        18,
        19,
        20,
        21,
        22,
        23,
        24,
        25,
        26,
        27,
        28,
        29,
        30,
        31,
        32,
        33,
        34,
        35,
        36,
        37,
        38,
        39,
        40,
        41,
        42,
        43,
        44,
        45,
        46,
        47,
        48,
        49,
        50,
        51,
        52,
        53,
        54,
        55,
        56,
        57,
        58,
        59,
        60,
        61,
        62,
        63,
        64,
        65,
        66,
        67,
        68,
        69,
        70,
        71,
        72,
        73,
        74,
        75,
        76,
        77,
        78,
        79,
        80,
        81,
        82,
        83,
        84,
        85,
        86,
        87,
        88,
        89,
        90,
        91,
        92,
        93,
        94,
        95,
        96,
        97,
        98,
        99
    ],
    "columns": [
        "x",
        "low",
        "high"
    ],
    "data": [
        [
            0.01,
            63750.0,
            191250.0
        ],
        [
            0.02,
            127500.0,
            382500.0
        ],
        [
            0.03,
            191250.0,
            573750.0
        ],
        [
            0.04,
            255000.0,
            765000.0
        ],
        [
            0.05,
            318750.0,
            956250.0
        ],
        [
            0.06,
            382500.0,
            1147500.0
        ],
        [
            0.07,
            446250.00000000006,
            1338750.0000000002
        ],
        [
            0.08,
            510000.0,
            1530000.0
        ],
        [
            0.09,
            573750.0,
            1721250.0
        ],
        [
            0.1,
            637500.0,
            1912500.0
        ],
        [
            0.11,
            701250.0,
            2103750.0
        ],
        [
            0.12,
            765000.0,
            2295000.0
        ],
        [
            0.13,
            828750.0,
            2486250.0
        ],
        [
            0.14,
            892500.0000000001,
            2677500.0000000005
        ],
        [
            0.15,
            956250.0,
            2868750.0
        ],
        [
            0.16,
            1020000.0,
            3060000.0
        ],
        [
            0.17,
            1083750.0,
            3251250.0000000005
        ],
        [
            0.18,
            1147500.0,
            3442500.0
        ],
        [
            0.19,
            1211250.0,
            3633750.0
        ],
        [
            0.2,
            1275000.0,
            3825000.0
        ],
        [
            0.21,
            1338750.0,
            4016250.0
        ],
        [
            0.22,
            1402500.0,
            4207500.0
        ],
        [
            0.23,
            1466250.0,
            4398750.0
        ],
        [
            0.24,
            1530000.0,
            4590000.0
        ],
        [
            0.25,
            1593750.0,
            4781250.0
        ],
        [
            0.26,
            1657500.0,
            4972500.0
        ],
        [
            0.27,
            1721250.0000000002,
            5163750.0
        ],
        [
            0.28,
            1785000.0000000002,
            5355000.000000001
        ],
        [
            0.29,
            1848749.9999999998,
            5546250.0
        ],
        [
            0.3,
            1912500.0,
            5737500.0
        ],
        [
            0.31,
            1976250.0,
            5928750.0
        ],
        [
            0.32,
            2040000.0,
            6120000.0
        ],
        [
            0.33,
            2103750.0,
            6311250.0
        ],
        [
            0.34,
            2167500.0,
            6502500.000000001
        ],
        [
            0.35000000000000003,
            2231250.0,
            6693750.000000001
        ],
        [
            0.36,
            2295000.0,
            6885000.0
        ],
        [
            0.37,
            2358750.0,
            7076250.0
        ],
        [
            0.38,
            2422500.0,
            7267500.0
        ],
        [
            0.39,
            2486250.0,
            7458750.0
        ],
        [
            0.4,
            2550000.0,
            7650000.0
        ],
        [
            0.41000000000000003,
            2613750.0,
            7841250.000000001
        ],
        [
            0.42,
            2677500.0,
            8032500.0
        ],
        [
            0.43,
            2741250.0,
            8223750.0
        ],
        [
            0.44,
            2805000.0,
            8415000.0
        ],
        [
            0.45,
            2868750.0,
            8606250.0
        ],
        [
            0.46,
            2932500.0,
            8797500.0
        ],
        [
            0.47000000000000003,
            2996250.0,
            8988750.0
        ],
        [
            0.48,
            3060000.0,
            9180000.0
        ],
        [
            0.49,
            3123750.0,
            9371250.0
        ],
        [
            0.5,
            3187500.0,
            9562500.0
        ],
        [
            0.51,
            3251250.0,
            9753750.0
        ],
        [
            0.52,
            3315000.0,
            9945000.0
        ],
        [
            0.53,
            3378750.0,
            10136250.0
        ],
        [
            0.54,
            3442500.0000000005,
            10327500.0
        ],
        [
            0.55,
            3506250.0000000005,
            10518750.0
        ],
        [
            0.56,
            3570000.0000000005,
            10710000.000000002
        ],
        [
            0.5700000000000001,
            3633750.0000000005,
            10901250.000000002
        ],
        [
            0.58,
            3697499.9999999995,
            11092500.0
        ],
        [
            0.59,
            3761250.0,
            11283750.0
        ],
        [
            0.6,
            3825000.0,
            11475000.0
        ],
        [
            0.61,
            3888750.0,
            11666250.0
        ],
        [
            0.62,
            3952500.0,
            11857500.0
        ],
        [
            0.63,
            4016250.0,
            12048750.0
        ],
        [
            0.64,
            4080000.0,
            12240000.0
        ],
        [
            0.65,
            4143750.0,
            12431250.0
        ],
        [
            0.66,
            4207500.0,
            12622500.0
        ],
        [
            0.67,
            4271250.0,
            12813750.0
        ],
        [
            0.68,
            4335000.0,
            13005000.000000002
        ],
        [
            0.6900000000000001,
            4398750.0,
            13196250.000000002
        ],
        [
            0.7000000000000001,
            4462500.0,
            13387500.000000002
        ],
        [
            0.71,
            4526250.0,
            13578750.0
        ],
        [
            0.72,
            4590000.0,
            13770000.0
        ],
        [
            0.73,
            4653750.0,
            13961250.0
        ],
        [
            0.74,
            4717500.0,
            14152500.0
        ],
        [
            0.75,
            4781250.0,
            14343750.0
        ],
        [
            0.76,
            4845000.0,
            14535000.0
        ],
        [
            0.77,
