{
    "index": [
        0,
        1,
        2,
        3,
        4,
        5,
        6,
        7,
        8,
        9,
        10,
        11,
        12,
        13,
        14,
        15,
        16,
        17,
        18,
        19,
        20,
        21,
        22,
        23,
        24,
        25,
        26,
        27,
        28,
        29,
        30,
        31,
        32,
        33,
        34,
        35,
        36,
        37,
        38,
        39,
        40,
        41,
        42,
        43,
        44,
        45,
        46,
        47,
        48,
        49,
        50,
        51,
        52,
        53,
        54,
        55,
        56,
        57,
        58,
        59,
        60,
        61,
        62,
        63,
        64,
        65,
        66,
        67,
        68,
        69,
        70,
        71,
        72,
        73,
        74,
        75,
        76,
        77,
        78,
        79,
        80,
        81,
        82,
        83,
        84,
        85,
        86,
        87,
        88,
        89,
        90,
        91,
        92,
        93,
        94,
        95,
        96,
        97,
        98,
        99
    ],
    "columns": [
        "x",
        "low",
        "high"
    ],
    "data": [
        [
            0.01,
            900.0,
            2100.0
        ],
        [
            0.02,
            1800.0,
            4200.0
        ],
        [
            0.03,
            2700.0,
            6300.0
        ],
        [
            0.04,
            3600.0,
            8400.0
        ],
        [
            0.05,
            4500.0,
            10500.0
        ],
        [
            0.06,
            5400.0,
            12600.0
        ],
        [
            0.07,
            6300.000000000001,
            14700.000000000002
        ],
        [
            0.08,
            7200.0,
            16800.0
        ],
        [
            0.09,
            8100.0,
            18900.0
        ],
        [
            0.1,
            9000.0,
            21000.0
        ],
        [
            0.11,
            9900.0,
            23100.0
        ],
        [
            0.12,
            10800.0,
            25200.0
        ],
        [
            0.13,
            11700.0,
            27300.0
        ],
        [
            0.14,
            12600.000000000002,
            29400.000000000004
        ],
        [
            0.15,
            13500.0,
            31500.0
        ],
        [
            0.16,
            14400.0,
            33600.0
        ],
        [
            0.17,
            15300.000000000002,
            35700.0
        ],
        [
            0.18,
            16200.0,
            37800.0
        ],
        [
            0.19,
            17100.0,
            39900.0
        ],
        [
            0.2,
            18000.0,
            42000.0
        ],
        [
            0.21,
            18900.0,
            44100.0
        ],
        [
            0.22,
            19800.0,
            46200.0
        ],
        [
            0.23,
            20700.0,
            48300.0
        ],
        [
            0.24,
            21600.0,
            50400.0
        ],
        [
            0.25,
            22500.0,
            52500.0
        ],
        [
            0.26,
            23400.0,
            54600.0
        ],
        [
            0.27,
            24300.0,
            56700.00000000001
        ],
        [
            0.28,
            25200.000000000004,
            58800.00000000001
        ],
        [
            0.29,
            26099.999999999996,
            60899.99999999999
        ],
        [
            0.3,
            27000.0,
            63000.0
        ],
        [
            0.31,
            27900.0,
            65100.0
        ],
        [
            0.32,
            28800.0,
            67200.0
        ],
        [
            0.33,
            29700.0,
            69300.0
        ],
        [
            0.34,
            30600.000000000004,
            71400.0
        ],
        [
            0.35000000000000003,
            31500.0,
            73500.00000000001
        ],
        [
            0.36,
            32400.0,
            75600.0
        ],
        [
            0.37,
            33300.0,
            77700.0
        ],
        [
            0.38,
            34200.0,
            79800.0
        ],
        [
            0.39,
            35100.0,
            81900.0
        ],
        [
            0.4,
            36000.0,
            84000.0
        ],
        [
            0.41000000000000003,
            36900.0,
            86100.0
        ],
        [
            0.42,
            37800.0,
            88200.0
        ],
        [
            0.43,
            38700.0,
            90300.0
        ],
        [
            0.44,
            39600.0,
            92400.0
        ],
        [
            0.45,
            40500.0,
            94500.0
        ],
        [
            0.46,
            41400.0,
            96600.0
        ],
        [
            0.47000000000000003,
            42300.0,
            98700.0
        ],
        [
            0.48,
            43200.0,
            100800.0
        ],
        [
            0.49,
            44100.0,
            102900.0
        ],
        [
            0.5,
            45000.0,
            105000.0
        ],
        [
            0.51,
            45900.0,
            107100.0
        ],
        [
            0.52,
            46800.0,
            109200.0
        ],
        [
            0.53,
            47700.0,
            111300.0
        ],
        [
            0.54,
            48600.0,
            113400.00000000001
        ],
        [
            0.55,
            49500.00000000001,
            115500.00000000001
        ],
        [
            0.56,
            50400.00000000001,
            117600.00000000001
        ],
        [
            0.5700000000000001,
            51300.00000000001,
            119700.00000000001
        ],
        [
            0.58,
            52199.99999999999,
            121799.99999999999
        ],
        [
            0.59,
            53100.0,
            123900.0
        ],
        [
            0.6,
            54000.0,
            126000.0
        ],
        [
            0.61,
            54900.0,
            128100.0
        ],
        [
            0.62,
            55800.0,
            130200.0
        ],
        [
            0.63,
            56700.0,
            132300.0
        ],
        [
            0.64,
            57600.0,
            134400.0
        ],
        [
            0.65,
            58500.0,
            136500.0
        ],
        [
            0.66,
            59400.0,
            138600.0
        ],
        [
            0.67,
            60300.00000000001,
            140700.0
        ],
        [
            0.68,
            61200.00000000001,
            142800.0
        ],
        [
            0.6900000000000001,
            62100.0,
            144900.0
        ],
        [
            0.7000000000000001,
            63000.0,
            147000.00000000003
        ],
        [
            0.71,
            63900.0,
            149100.0
        ],
        [
            0.72,
            64800.0,
            151200.0
        ],
        [
            0.73,
            65700.0,
            153300.0
        ],
        [
            0.74,
            66600.0,
            155400.0
        ],
        [
            0.75,
            67500.0,
            157500.0
        ],
        [
            0.76,
            68400.0,
            159600.0
        ],
        [
            0.77,
            69300.0,
            161700.0
        ],
        [
            0.78,
            70200.0,
            163800.0
        ],
        [
            0.79,
            71100.0,
            165900.0
        ],
        [
            0.8,
