{
    "index": [
        0,
        1,
        2,
        3,
        4,
        5,
        6,
        7,
        8,
        9,
        10,
        11,
        12,
        13,
        14,
        15,
        16,
        17,
        18,
        19,
        20,
        21,
        22,
        23,
        24,
        25,
        26,
        27,
        28,
        29,
        30,
        31,
        32,
        33,
        34,
        35,
        36,
        37,
        38,
        39,
        40,
        41,
        42,
        43,
        44,
        45,
        46,
        47,
        48,
        49,
        50,
        51,
        52,
        53,
        54,
        55,
        56,
        57,
        58,
        59,
        60,
        61,
        62,
        63,
        64,
        65,
        66,
        67,
        68,
        69,
        70,
        71,
        72,
        73,
        74,
        75,
        76,
        77,
        78,
        79,
        80,
        81,
        82,
        83,
        84,
        85,
        86,
        87,
        88,
        89,
        90,
        91,
        92,
        93,
        94,
        95,
        96,
        97,
        98,
        99
    ],
    "columns": [
        "x",
        "low",
        "high"
    ],
    "data": [
        [
            0.01,
            637.5,
            5175.0
        ],
        [
            0.02,
            1275.0,
            10350.0
        ],
        [
            0.03,
            1912.5,
            15525.0
        ],
        [
            0.04,
            2550.0,
            20700.0
        ],
        [
            0.05,
            3187.5,
            25875.0
        ],
        [
            0.06,
            3825.0,
            31050.0
        ],
        [
            0.07,
            4462.5,
            36225.00000000001
        ],
        [
            0.08,
            5100.0,
            41400.0
        ],
        [
            0.09,
            5737.5,
            46575.0
        ],
        [
            0.1,
            6375.0,
            51750.0
        ],
        [
            0.11,
            7012.5,
            56925.0
        ],
        [
            0.12,
            7650.0,
            62100.0
        ],
        [
            0.13,
            8287.5,
            67275.0
        ],
        [
            0.14,
            8925.0,
            72450.00000000001
        ],
        [
            0.15,
            9562.5,
            77625.0
        ],
        [
            0.16,
            10200.0,
            82800.0
        ],
        [
            0.17,
            10837.5,
            87975.0
        ],
        [
            0.18,
            11475.0,
            93150.0
        ],
        [
            0.19,
            12112.5,
            98325.0
        ],
        [
            0.2,
            12750.0,
            103500.0
        ],
        [
            0.21,
            13387.5,
            108675.0
        ],
        [
            0.22,
            14025.0,
            113850.0
        ],
        [
            0.23,
            14662.5,
            119025.0
        ],
        [
            0.24,
            15300.0,
            124200.0
        ],
        [
            0.25,
            15937.5,
            129375.0
        ],
        [
            0.26,
            16575.0,
            134550.0
        ],
        [
            0.27,
            17212.5,
            139725.0
        ],
        [
            0.28,
            17850.0,
            144900.00000000003
        ],
        [
            0.29,
            18487.5,
            150075.0
        ],
        [
            0.3,
            19125.0,
            155250.0
        ],
        [
            0.31,
            19762.5,
            160425.0
        ],
        [
            0.32,
            20400.0,
            165600.0
        ],
        [
            0.33,
            21037.5,
            170775.0
        ],
        [
            0.34,
            21675.0,
            175950.0
        ],
        [
            0.35000000000000003,
            22312.500000000004,
            181125.00000000003
        ],
        [
            0.36,
            22950.0,
            186300.0
        ],
        [
            0.37,
            23587.5,
            191475.0
        ],
        [
            0.38,
            24225.0,
            196650.0
        ],
        [
            0.39,
            24862.5,
            201825.0
        ],
        [
            0.4,
            25500.0,
            207000.0
        ],
        [
            0.41000000000000003,
            26137.500000000004,
            212175.00000000003
        ],
        [
            0.42,
            26775.0,
            217350.0
        ],
        [
            0.43,
            27412.5,
            222525.0
        ],
        [
            0.44,
            28050.0,
            227700.0
        ],
        [
            0.45,
            28687.5,
            232875.0
        ],
        [
            0.46,
            29325.0,
            238050.0
        ],
        [
            0.47000000000000003,
            29962.500000000004,
            243225.00000000003
        ],
        [
            0.48,
            30600.0,
            248400.0
        ],
        [
            0.49,
            31237.5,
            253575.0
        ],
        [
            0.5,
            31875.0,
            258750.0
        ],
        [
            0.51,
            32512.5,
            263925.0
        ],
        [
            0.52,
            33150.0,
            269100.0
        ],
        [
            0.53,
            33787.5,
            274275.0
        ],
        [
            0.54,
            34425.0,
            279450.0
        ],
        [
            0.55,
            35062.5,
            284625.0
        ],
        [
            0.56,
            35700.0,
            289800.00000000006
        ],
        [
            0.5700000000000001,
            36337.50000000001,
            294975.00000000006
        ],
        [
            0.58,
            36975.0,
            300150.0
        ],
        [
            0.59,
            37612.5,
            305325.0
        ],
        [
            0.6,
            38250.0,
            310500.0
        ],
        [
            0.61,
            38887.5,
            315675.0
        ],
        [
            0.62,
            39525.0,
            320850.0
        ],
        [
            0.63,
            40162.5,
            326025.0
        ],
        [
            0.64,
            40800.0,
            331200.0
        ],
        [
            0.65,
            41437.5,
            336375.0
        ],
        [
            0.66,
            42075.0,
            341550.0
        ],
        [
            0.67,
            42712.5,
            346725.0
        ],
        [
            0.68,
            43350.0,
            351900.0
        ],
        [
            0.6900000000000001,
            43987.50000000001,
            357075.00000000006
        ],
        [
            0.7000000000000001,
            44625.00000000001,
            362250.00000000006
        ],
        [
            0.71,
            45262.5,
            367425.0
        ],
        [
            0.72,
            45900.0,
            372600.0
        ],
        [
            0.73,
            46537.5,
            377775.0
        ],
        [
            0.74,
            47175.0,
            382950.0
        ],
        [
            0.75,
            47812.5,
            388125.0
        ],
        [
            0.76,
            48450.0,
            393300.0
        ],
        [
            0.77,
            49087.5,
            398475.0
        ],
        [
            0.78,
            49725.0,
            403650.0
        ],
        [
            0.79,
            50362.5,
            408825.0
        ],
        [
            0.8,
            51000.0,
            414000.0
        ],
        [
