{
    "index": [
        0,
        1,
        2,
        3,
        4,
        5,
        6,
        7,
        8,
        9,
        10,
        11,
        12,
        13,
        14,
        15,
        16,
        17,
        18,
        19,
        20,
        21,
        22,
        23,
        24,
        25,
        26,
        27,
        28,
        29,
        30,
        31,
        32,
        33,
        34,
        35,
        36,
        37,
        38,
        39,
        40,
        41,
        42,
        43,
        44,
        45,
        46,
        47,
        48,
        49,
        50,
        51,
        52,
        53,
        54,
        55,
        56,
        57,
        58,
        59,
        60,
        61,
        62,
        63,
        64,
        65,
        66,
        67,
        68,
        69,
        70,
        71,
        72,
        73,
        74,
        75,
        76,
        77,
        78,
        79,
        80,
        81,
        82,
        83,
        84,
        85,
        86,
        87,
        88,
        89,
        90,
        91,
        92,
        93,
        94,
        95,
        96,
        97,
        98,
        99
    ],
    "columns": [
        "x",
        "low",
        "high"
    ],
    "data": [
        [
            0.01,
            637.5,
            1912.5
        ],
        [
            0.02,
            1275.0,
            3825.0
        ],
        [
            0.03,
            1912.5,
            5737.5
        ],
        [
            0.04,
            2550.0,
            7650.0
        ],
        [
            0.05,
            3187.5,
            9562.5
        ],
        [
            0.06,
            3825.0,
            11475.0
        ],
        [
            0.07,
            4462.5,
            13387.500000000002
        ],
        [
            0.08,
            5100.0,
            15300.0
        ],
        [
            0.09,
            5737.5,
            17212.5
        ],
        [
            0.1,
            6375.0,
            19125.0
        ],
        [
            0.11,
            7012.5,
            21037.5
        ],
        [
            0.12,
            7650.0,
            22950.0
        ],
        [
            0.13,
            8287.5,
            24862.5
        ],
        [
            0.14,
            8925.0,
            26775.000000000004
        ],
        [
            0.15,
            9562.5,
            28687.5
        ],
        [
            0.16,
            10200.0,
            30600.0
        ],
        [
            0.17,
            10837.5,
            32512.5
        ],
        [
            0.18,
            11475.0,
            34425.0
        ],
        [
            0.19,
            12112.5,
            36337.5
        ],
        [
            0.2,
            12750.0,
            38250.0
        ],
        [
            0.21,
            13387.5,
            40162.5
        ],
        [
            0.22,
            14025.0,
            42075.0
        ],
        [
            0.23,
            14662.5,
            43987.5
        ],
        [
            0.24,
            15300.0,
            45900.0
        ],
        [
            0.25,
            15937.5,
            47812.5
        ],
        [
            0.26,
            16575.0,
            49725.0
        ],
        [
            0.27,
            17212.5,
            51637.5
        ],
        [
            0.28,
            17850.0,
            53550.00000000001
        ],
        [
            0.29,
            18487.5,
            55462.49999999999
        ],
        [
            0.3,
            19125.0,
            57375.0
        ],
        [
            0.31,
            19762.5,
            59287.5
        ],
        [
            0.32,
            20400.0,
            61200.0
        ],
        [
            0.33,
            21037.5,
            63112.5
        ],
        [
            0.34,
            21675.0,
            65025.0
        ],
        [
            0.35000000000000003,
            22312.500000000004,
            66937.5
        ],
        [
            0.36,
            22950.0,
            68850.0
        ],
        [
            0.37,
            23587.5,
            70762.5
        ],
        [
            0.38,
            24225.0,
            72675.0
        ],
        [
            0.39,
            24862.5,
            74587.5
        ],
        [
            0.4,
            25500.0,
            76500.0
        ],
        [
            0.41000000000000003,
            26137.500000000004,
            78412.5
        ],
        [
            0.42,
            26775.0,
            80325.0
        ],
        [
            0.43,
            27412.5,
            82237.5
        ],
        [
            0.44,
            28050.0,
            84150.0
        ],
        [
            0.45,
            28687.5,
            86062.5
        ],
        [
            0.46,
            29325.0,
            87975.0
        ],
        [
            0.47000000000000003,
            29962.500000000004,
            89887.5
        ],
        [
            0.48,
            30600.0,
            91800.0
        ],
        [
            0.49,
            31237.5,
            93712.5
        ],
        [
            0.5,
            31875.0,
            95625.0
        ],
        [
            0.51,
            32512.5,
            97537.5
        ],
        [
            0.52,
            33150.0,
            99450.0
        ],
        [
            0.53,
            33787.5,
            101362.5
        ],
        [
            0.54,
            34425.0,
            103275.0
        ],
        [
            0.55,
            35062.5,
            105187.50000000001
        ],
        [
            0.56,
            35700.0,
            107100.00000000001
        ],
        [
            0.5700000000000001,
            36337.50000000001,
            109012.50000000001
        ],
        [
            0.58,
            36975.0,
            110924.99999999999
        ],
        [
            0.59,
            37612.5,
            112837.5
        ],
        [
            0.6,
            38250.0,
            114750.0
        ],
        [
            0.61,
            38887.5,
            116662.5
        ],
        [
            0.62,
            39525.0,
            118575.0
        ],
        [
            0.63,
            40162.5,
            120487.5
        ],
        [
            0.64,
            40800.0,
            122400.0
        ],
        [
            0.65,
            41437.5,
            124312.5
        ],
        [
            0.66,
            42075.0,
            126225.0
        ],
        [
            0.67,
            42712.5,
            128137.5
        ],
        [
            0.68,
            43350.0,
            130050.0
        ],
        [
            0.6900000000000001,
            43987.50000000001,
            131962.5
        ],
        [
            0.7000000000000001,
            44625.00000000001,
            133875.0
        ],
        [
            0.71,
            45262.5,
            135787.5
        ],
        [
            0.72,
            45900.0,
            137700.0
        ],
        [
            0.73,
            46537.5,
            139612.5
        ],
        [
            0.74,
            47175.0,
            141525.0
        ],
        [
            0.75,
            47812.5,
            143437.5
        ],
        [
            0.76,
            48450.0,
            145350.0
        ],
        [
            0.77,
            49087.5,
            147262.5
        ],
        [
            0.78,
            49725.0,
            149175.0
        ],
        [
            0.79,
            50362.5,
            151087.5
        ],
        [
            0.8,
            51000.0,
            153000.0
        ],
        [
            0.81,
            51637.5,
            154912.5
