{
    "index": [
        0,
        1,
        2,
        3,
        4,
        5,
        6,
        7,
        8,
        9,
        10,
        11,
        12,
        13,
        14,
        15,
        16,
        17,
        18,
        19,
        20,
        21,
        22,
        23,
        24,
        25,
        26,
        27,
        28,
        29,
        30,
        31,
        32,
        33,
        34,
        35,
        36,
        37,
        38,
        39,
        40,
        41,
        42,
        43,
        44,
        45,
        46,
        47,
        48,
        49,
        50,
        51,
        52,
        53,
        54,
        55,
        56,
        57,
        58,
        59,
        60,
        61,
        62,
        63,
        64,
        65,
        66,
        67,
        68,
        69,
        70,
        71,
        72,
        73,
        74,
        75,
        76,
        77,
        78,
        79,
        80,
        81,
        82,
        83,
        84,
        85,
        86,
        87,
        88,
        89,
        90,
        91,
        92,
        93,
        94,
        95,
        96,
        97,
        98,
        99
    ],
    "columns": [
        "x",
        "low",
        "high"
    ],
    "data": [
        [
            0.01,
            2550.0,
            17250.0
        ],
        [
            0.02,
            5100.0,
            34500.0
        ],
        [
            0.03,
            7650.0,
            51750.0
        ],
        [
            0.04,
            10200.0,
            69000.0
        ],
        [
            0.05,
            12750.0,
            86250.0
        ],
        [
            0.06,
            15300.0,
            103500.0
        ],
        [
            0.07,
            17850.0,
            120750.00000000001
        ],
        [
            0.08,
            20400.0,
            138000.0
        ],
        [
            0.09,
            22950.0,
            155250.0
        ],
        [
            0.1,
            25500.0,
            172500.0
        ],
        [
            0.11,
            28050.0,
            189750.0
        ],
        [
            0.12,
            30600.0,
            207000.0
        ],
        [
            0.13,
            33150.0,
            224250.0
        ],
        [
            0.14,
            35700.0,
            241500.00000000003
        ],
        [
            0.15,
            38250.0,
            258750.0
        ],
        [
            0.16,
            40800.0,
            276000.0
        ],
        [
            0.17,
            43350.0,
            293250.0
        ],
        [
            0.18,
            45900.0,
            310500.0
        ],
        [
            0.19,
            48450.0,
            327750.0
        ],
        [
            0.2,
            51000.0,
            345000.0
        ],
        [
            0.21,
            53550.0,
            362250.0
        ],
        [
            0.22,
            56100.0,
            379500.0
        ],
        [
            0.23,
            58650.0,
            396750.0
        ],
        [
            0.24,
            61200.0,
            414000.0
        ],
        [
            0.25,
            63750.0,
            431250.0
        ],
        [
            0.26,
            66300.0,
            448500.0
        ],
        [
            0.27,
            68850.0,
            465750.00000000006
        ],
        [
            0.28,
            71400.0,
            483000.00000000006
        ],
        [
            0.29,
            73950.0,
            500250.0
        ],
        [
            0.3,
            76500.0,
            517500.0
        ],
        [
            0.31,
            79050.0,
            534750.0
        ],
        [
            0.32,
            81600.0,
            552000.0
        ],
        [
            0.33,
            84150.0,
            569250.0
        ],
        [
            0.34,
            86700.0,
            586500.0
        ],
        [
            0.35000000000000003,
            89250.00000000001,
            603750.0000000001
        ],
        [
            0.36,
            91800.0,
            621000.0
        ],
        [
            0.37,
            94350.0,
            638250.0
        ],
        [
            0.38,
            96900.0,
            655500.0
        ],
        [
            0.39,
            99450.0,
            672750.0
        ],
        [
            0.4,
            102000.0,
            690000.0
        ],
        [
            0.41000000000000003,
            104550.00000000001,
            707250.0
        ],
        [
            0.42,
            107100.0,
            724500.0
        ],
        [
            0.43,
            109650.0,
            741750.0
        ],
        [
            0.44,
            112200.0,
            759000.0
        ],
        [
            0.45,
            114750.0,
            776250.0
        ],
        [
            0.46,
            117300.0,
            793500.0
        ],
        [
            0.47000000000000003,
            119850.00000000001,
            810750.0
        ],
        [
            0.48,
            122400.0,
            828000.0
        ],
        [
            0.49,
            124950.0,
            845250.0
        ],
        [
            0.5,
            127500.0,
            862500.0
        ],
        [
            0.51,
            130050.0,
            879750.0
        ],
        [
            0.52,
            132600.0,
            897000.0
        ],
        [
            0.53,
            135150.0,
            914250.0
        ],
        [
            0.54,
            137700.0,
            931500.0000000001
        ],
        [
            0.55,
            140250.0,
            948750.0000000001
        ],
        [
            0.56,
            142800.0,
            966000.0000000001
        ],
        [
            0.5700000000000001,
            145350.00000000003,
            983250.0
        ],
        [
            0.58,
            147900.0,
            1000500.0
        ],
        [
            0.59,
            150450.0,
            1017750.0
        ],
        [
            0.6,
            153000.0,
            1035000.0
        ],
        [
            0.61,
            155550.0,
            1052250.0
        ],
        [
            0.62,
            158100.0,
            1069500.0
        ],
        [
            0.63,
            160650.0,
            1086750.0
        ],
        [
            0.64,
            163200.0,
            1104000.0
        ],
        [
            0.65,
            165750.0,
            1121250.0
        ],
        [
            0.66,
            168300.0,
            1138500.0
        ],
        [
            0.67,
            170850.0,
            1155750.0
        ],
        [
            0.68,
            173400.0,
            1173000.0
        ],
        [
            0.6900000000000001,
            175950.00000000003,
            1190250.0
        ],
        [
            0.7000000000000001,
            178500.00000000003,
            1207500.0000000002
        ],
        [
            0.71,
            181050.0,
            1224750.0
        ],
        [
            0.72,
            183600.0,
            1242000.0
        ],
        [
            0.73,
            186150.0,
            1259250.0
        ],
        [
            0.74,
            188700.0,
            1276500.0
        ],
        [
            0.75,
            191250.0,
            1293750.0
        ],
        [
            0.76,
            193800.0,
            1311000.0
        ],
        [
            0.77,
            196350.0,
            1328250.0
        ],
        [
            0.78,
            198900.0,
            1345500.0
        ],
        [
            0.79,
            201450.0,
            1362750.0
        ],
        [
            0.8,
