{
    "index": [
        0,
        1,
        2,
        3,
        4,
        5,
        6,
        7,
        8,
        9,
        10,
        11,
        12,
        13,
        14,
        15,
        16,
        17,
        18,
        19,
        20,
        21,
        22,
        23,
        24,
        25,
        26,
        27,
        28,
        29,
        30,
        31,
        32,
        33,
        34,
        35,
        36,
        37,
        38,
        39,
        40,
        41,
        42,
        43,
        44,
        45,
        46,
        47,
        48,
        49,
        50,
        51,
        52,
        53,
        54,
        55,
        56,
        57,
        58,
        59,
        60,
        61,
        62,
        63,
        64,
        65,
        66,
        67,
        68,
        69,
        70,
        71,
        72,
        73,
        74,
        75,
        76,
        77,
        78,
        79,
        80,
        81,
        82,
        83,
        84,
        85,
        86,
        87,
        88,
        89,
        90,
        91,
        92,
        93,
        94,
        95,
        96,
        97,
        98,
        99
    ],
    "columns": [
        "x",
        "low",
        "high"
    ],
    "data": [
        [
            0.01,
            255000.0,
            637500.0
        ],
        [
            0.02,
            510000.0,
            1275000.0
        ],
        [
            0.03,
            765000.0,
            1912500.0
        ],
        [
            0.04,
            1020000.0,
            2550000.0
        ],
        [
            0.05,
            1275000.0,
            3187500.0
        ],
        [
            0.06,
            1530000.0,
            3825000.0
        ],
        [
            0.07,
            1785000.0000000002,
            4462500.0
        ],
        [
            0.08,
            2040000.0,
            5100000.0
        ],
        [
            0.09,
            2295000.0,
            5737500.0
        ],
        [
            0.1,
            2550000.0,
            6375000.0
        ],
        [
            0.11,
            2805000.0,
            7012500.0
        ],
        [
            0.12,
            3060000.0,
            7650000.0
        ],
        [
            0.13,
            3315000.0,
            8287500.0
        ],
        [
            0.14,
            3570000.0000000005,
            8925000.0
        ],
        [
            0.15,
            3825000.0,
            9562500.0
        ],
        [
            0.16,
            4080000.0,
            10200000.0
        ],
        [
            0.17,
            4335000.0,
            10837500.0
        ],
        [
            0.18,
            4590000.0,
            11475000.0
        ],
        [
            0.19,
            4845000.0,
            12112500.0
        ],
        [
            0.2,
            5100000.0,
            12750000.0
        ],
        [
            0.21,
            5355000.0,
            13387500.0
        ],
        [
            0.22,
            5610000.0,
            14025000.0
        ],
        [
            0.23,
            5865000.0,
            14662500.0
        ],
        [
            0.24,
            6120000.0,
            15300000.0
        ],
        [
            0.25,
            6375000.0,
            15937500.0
        ],
        [
            0.26,
            6630000.0,
            16575000.0
        ],
        [
            0.27,
            6885000.000000001,
            17212500.0
        ],
        [
            0.28,
            7140000.000000001,
            17850000.0
        ],
        [
            0.29,
            7394999.999999999,
            18487500.0
        ],
        [
            0.3,
            7650000.0,
            19125000.0
        ],
        [
            0.31,
            7905000.0,
            19762500.0
        ],
        [
            0.32,
            8160000.0,
            20400000.0
        ],
        [
            0.33,
            8415000.0,
            21037500.0
        ],
        [
            0.34,
            8670000.0,
            21675000.0
        ],
        [
            0.35000000000000003,
            8925000.0,
            22312500.000000004
        ],
        [
            0.36,
            9180000.0,
            22950000.0
        ],
        [
            0.37,
            9435000.0,
            23587500.0
        ],
        [
            0.38,
            9690000.0,
            24225000.0
        ],
        [
            0.39,
            9945000.0,
            24862500.0
        ],
        [
            0.4,
            10200000.0,
            25500000.0
        ],
        [
            0.41000000000000003,
            10455000.0,
            26137500.000000004
        ],
        [
            0.42,
            10710000.0,
            26775000.0
        ],
        [
            0.43,
            10965000.0,
            27412500.0
        ],
        [
            0.44,
            11220000.0,
            28050000.0
        ],
        [
            0.45,
            11475000.0,
            28687500.0
        ],
        [
            0.46,
            11730000.0,
            29325000.0
        ],
        [
            0.47000000000000003,
            11985000.0,
            29962500.000000004
        ],
        [
            0.48,
            12240000.0,
            30600000.0
        ],
        [
            0.49,
            12495000.0,
            31237500.0
        ],
        [
            0.5,
            12750000.0,
            31875000.0
        ],
        [
            0.51,
            13005000.0,
            32512500.0
        ],
        [
            0.52,
            13260000.0,
            33150000.0
        ],
        [
            0.53,
            13515000.0,
            33787500.0
        ],
        [
            0.54,
            13770000.000000002,
            34425000.0
        ],
        [
            0.55,
            14025000.000000002,
            35062500.0
        ],
        [
            0.56,
            14280000.000000002,
            35700000.0
        ],
        [
            0.5700000000000001,
            14535000.000000002,
            36337500.00000001
        ],
        [
            0.58,
            14789999.999999998,
            36975000.0
        ],
        [
            0.59,
            15045000.0,
            37612500.0
        ],
        [
            0.6,
            15300000.0,
            38250000.0
        ],
        [
            0.61,
            15555000.0,
            38887500.0
        ],
        [
            0.62,
            15810000.0,
            39525000.0
        ],
        [
            0.63,
            16065000.0,
            40162500.0
        ],
        [
            0.64,
            16320000.0,
            40800000.0
        ],
        [
            0.65,
            16575000.0,
            41437500.0
        ],
        [
            0.66,
            16830000.0,
            42075000.0
        ],
        [
            0.67,
            17085000.0,
            42712500.0
        ],
        [
            0.68,
            17340000.0,
            43350000.0
        ],
        [
            0.6900000000000001,
            17595000.0,
            43987500.00000001
        ],
        [
            0.7000000000000001,
            17850000.0,
            44625000.00000001
        ],
        [
            0.71,
            18105000.0,
            45262500.0
        ],
        [
            0.72,
            18360000.0,
            45900000.0
        ],
        [
            0.73,
            18615000.0,
            46537500.0
        ],
        [
            0.74,
            18870000.0,
            47175000.0
        ],
        [
            0.75,
            19125000.0,
            47812500.0
        ],
        [
            0.76,
            19380000.0,
            48450000.0
        ],
        [
