{
    "index": [
        0,
        1,
        2,
        3,
        4,
        5,
        6,
        7,
        8,
        9,
        10,
        11,
        12,
        13,
        14,
        15,
        16,
        17,
        18,
        19,
        20,
        21,
        22,
        23,
        24,
        25,
        26,
        27,
        28,
        29,
        30,
        31,
        32,
        33,
        34,
        35,
        36,
        37,
        38,
        39,
        40,
        41,
        42,
        43,
        44,
        45,
        46,
        47,
        48,
        49,
        50,
        51,
        52,
        53,
        54,
        55,
        56,
        57,
        58,
        59,
        60,
        61,
        62,
        63,
        64,
        65,
        66,
        67,
        68,
        69,
        70,
        71,
        72,
        73,
        74,
        75,
        76,
        77,
        78,
        79,
        80,
        81,
        82,
        83,
        84,
        85,
        86,
        87,
        88,
        89,
        90,
        91,
        92,
        93,
        94,
        95,
        96,
        97,
        98,
        99
    ],
    "columns": [
        "x",
        "low",
        "high"
    ],
    "data": [
        [
            0.01,
            2550.0,
            6375.0
        ],
        [
            0.02,
            5100.0,
            12750.0
        ],
        [
            0.03,
            7650.0,
            19125.0
        ],
        [
            0.04,
            10200.0,
            25500.0
        ],
        [
            0.05,
            12750.0,
            31875.0
        ],
        [
            0.06,
            15300.0,
            38250.0
        ],
        [
            0.07,
            17850.0,
            44625.00000000001
        ],
        [
            0.08,
            20400.0,
            51000.0
        ],
        [
            0.09,
            22950.0,
            57375.0
        ],
        [
            0.1,
            25500.0,
            63750.0
        ],
        [
            0.11,
            28050.0,
            70125.0
        ],
        [
            0.12,
            30600.0,
            76500.0
        ],
        [
            0.13,
            33150.0,
            82875.0
        ],
        [
            0.14,
            35700.0,
            89250.00000000001
        ],
        [
            0.15,
            38250.0,
            95625.0
        ],
        [
            0.16,
            40800.0,
            102000.0
        ],
        [
            0.17,
            43350.0,
            108375.00000000001
        ],
        [
            0.18,
            45900.0,
            114750.0
        ],
        [
            0.19,
            48450.0,
            121125.0
        ],
        [
            0.2,
            51000.0,
            127500.0
        ],
        [
            0.21,
            53550.0,
            133875.0
        ],
        [
            0.22,
            56100.0,
            140250.0
        ],
        [
            0.23,
            58650.0,
            146625.0
        ],
        [
            0.24,
            61200.0,
            153000.0
        ],
        [
            0.25,
            63750.0,
            159375.0
        ],
        [
            0.26,
            66300.0,
            165750.0
        ],
        [
            0.27,
            68850.0,
            172125.0
        ],
        [
            0.28,
            71400.0,
            178500.00000000003
        ],
        [
            0.29,
            73950.0,
            184875.0
        ],
        [
            0.3,
            76500.0,
            191250.0
        ],
        [
            0.31,
            79050.0,
            197625.0
        ],
        [
            0.32,
            81600.0,
            204000.0
        ],
        [
            0.33,
            84150.0,
            210375.0
        ],
        [
            0.34,
            86700.0,
            216750.00000000003
        ],
        [
            0.35000000000000003,
            89250.00000000001,
            223125.00000000003
        ],
        [
            0.36,
            91800.0,
            229500.0
        ],
        [
            0.37,
            94350.0,
            235875.0
        ],
        [
            0.38,
            96900.0,
            242250.0
        ],
        [
            0.39,
            99450.0,
            248625.0
        ],
        [
            0.4,
            102000.0,
            255000.0
        ],
        [
            0.41000000000000003,
            104550.00000000001,
            261375.0
        ],
        [
            0.42,
            107100.0,
            267750.0
        ],
        [
            0.43,
            109650.0,
            274125.0
        ],
        [
            0.44,
            112200.0,
            280500.0
        ],
        [
            0.45,
            114750.0,
            286875.0
        ],
        [
            0.46,
            117300.0,
            293250.0
        ],
        [
            0.47000000000000003,
            119850.00000000001,
            299625.0
        ],
        [
            0.48,
            122400.0,
            306000.0
        ],
        [
            0.49,
            124950.0,
            312375.0
        ],
        [
            0.5,
            127500.0,
            318750.0
        ],
        [
            0.51,
            130050.0,
            325125.0
        ],
        [
            0.52,
            132600.0,
            331500.0
        ],
        [
            0.53,
            135150.0,
            337875.0
        ],
        [
            0.54,
            137700.0,
            344250.0
        ],
        [
            0.55,
            140250.0,
            350625.00000000006
        ],
        [
            0.56,
            142800.0,
            357000.00000000006
        ],
        [
            0.5700000000000001,
            145350.00000000003,
            363375.00000000006
        ],
        [
            0.58,
            147900.0,
            369750.0
        ],
        [
            0.59,
            150450.0,
            376125.0
        ],
        [
            0.6,
            153000.0,
            382500.0
        ],
        [
            0.61,
            155550.0,
            388875.0
        ],
        [
            0.62,
            158100.0,
            395250.0
        ],
        [
            0.63,
            160650.0,
            401625.0
        ],
        [
            0.64,
            163200.0,
            408000.0
        ],
        [
            0.65,
            165750.0,
            414375.0
        ],
        [
            0.66,
            168300.0,
            420750.0
        ],
        [
            0.67,
            170850.0,
            427125.0
        ],
        [
            0.68,
            173400.0,
            433500.00000000006
        ],
        [
            0.6900000000000001,
            175950.00000000003,
            439875.00000000006
        ],
        [
            0.7000000000000001,
            178500.00000000003,
            446250.00000000006
        ],
        [
            0.71,
            181050.0,
            452625.0
        ],
        [
            0.72,
            183600.0,
            459000.0
        ],
        [
            0.73,
            186150.0,
            465375.0
        ],
        [
            0.74,
            188700.0,
            471750.0
        ],
        [
            0.75,
            191250.0,
            478125.0
        ],
        [
            0.76,
            193800.0,
            484500.0
        ],
        [
            0.77,
            196350.0,
            490875.0
        ],
        [
            0.78,
            198900.0,
            497250.0
        ],
        [
            0.79,
            201450.0,
            503625.0
        ],
        [
