{
    "index": [
        0,
        1,
        2,
        3,
        4,
        5,
        6,
        7,
        8,
        9,
        10,
        11,
        12,
        13,
        14,
        15,
        16,
        17,
        18,
        19,
        20,
        21,
        22,
        23,
        24,
        25,
        26,
        27,
        28,
        29,
        30,
        31,
        32,
        33,
        34,
        35,
        36,
        37,
        38,
        39,
        40,
        41,
        42,
        43,
        44,
        45,
        46,
        47,
        48,
        49,
        50,
        51,
        52,
        53,
        54,
        55,
        56,
        57,
        58,
        59,
        60,
        61,
        62,
        63,
        64,
        65,
        66,
        67,
        68,
        69,
        70,
        71,
        72,
        73,
        74,
        75,
        76,
        77,
        78,
        79,
        80,
        81,
        82,
        83,
        84,
        85,
        86,
        87,
        88,
        89,
        90,
        91,
        92,
        93,
        94,
        95,
        96,
        97,
        98,
        99
    ],
    "columns": [
        "x",
        "low",
        "high"
    ],
    "data": [
        [
            0.01,
            1500.0,
            3450.0
        ],
        [
            0.02,
            3000.0,
            6900.0
        ],
        [
            0.03,
            4500.0,
            10350.0
        ],
        [
            0.04,
            6000.0,
            13800.0
        ],
        [
            0.05,
            7500.0,
            17250.0
        ],
        [
            0.06,
            9000.0,
            20700.0
        ],
        [
            0.07,
            10500.000000000002,
            24150.000000000004
        ],
        [
            0.08,
            12000.0,
            27600.0
        ],
        [
            0.09,
            13500.0,
            31050.0
        ],
        [
            0.1,
            15000.0,
            34500.0
        ],
        [
            0.11,
            16500.0,
            37950.0
        ],
        [
            0.12,
            18000.0,
            41400.0
        ],
        [
            0.13,
            19500.0,
            44850.0
        ],
        [
            0.14,
            21000.000000000004,
            48300.00000000001
        ],
        [
            0.15,
            22500.0,
            51750.0
        ],
        [
            0.16,
            24000.0,
            55200.0
        ],
        [
            0.17,
            25500.000000000004,
            58650.00000000001
        ],
        [
            0.18,
            27000.0,
            62100.0
        ],
        [
            0.19,
            28500.0,
            65550.0
        ],
        [
            0.2,
            30000.0,
            69000.0
        ],
        [
            0.21,
            31500.0,
            72450.0
        ],
        [
            0.22,
            33000.0,
            75900.0
        ],
        [
            0.23,
            34500.0,
            79350.0
        ],
        [
            0.24,
            36000.0,
            82800.0
        ],
        [
            0.25,
            37500.0,
            86250.0
        ],
        [
            0.26,
            39000.0,
            89700.0
        ],
        [
            0.27,
            40500.0,
            93150.0
        ],
        [
            0.28,
            42000.00000000001,
            96600.00000000001
        ],
        [
            0.29,
            43500.0,
            100049.99999999999
        ],
        [
            0.3,
            45000.0,
            103500.0
        ],
        [
            0.31,
            46500.0,
            106950.0
        ],
        [
            0.32,
            48000.0,
            110400.0
        ],
        [
            0.33,
            49500.0,
            113850.0
        ],
        [
            0.34,
            51000.00000000001,
            117300.00000000001
        ],
        [
            0.35000000000000003,
            52500.00000000001,
            120750.00000000001
        ],
        [
            0.36,
            54000.0,
            124200.0
        ],
        [
            0.37,
            55500.0,
            127650.0
        ],
        [
            0.38,
            57000.0,
            131100.0
        ],
        [
            0.39,
            58500.0,
            134550.0
        ],
        [
            0.4,
            60000.0,
            138000.0
        ],
        [
            0.41000000000000003,
            61500.0,
            141450.0
        ],
        [
            0.42,
            63000.0,
            144900.0
        ],
        [
            0.43,
            64500.0,
            148350.0
        ],
        [
            0.44,
            66000.0,
            151800.0
        ],
        [
            0.45,
            67500.0,
            155250.0
        ],
        [
            0.46,
            69000.0,
            158700.0
        ],
        [
            0.47000000000000003,
            70500.0,
            162150.0
        ],
        [
            0.48,
            72000.0,
            165600.0
        ],
        [
            0.49,
            73500.0,
            169050.0
        ],
        [
            0.5,
            75000.0,
            172500.0
        ],
        [
            0.51,
            76500.0,
            175950.0
        ],
        [
            0.52,
            78000.0,
            179400.0
        ],
        [
            0.53,
            79500.0,
            182850.0
        ],
        [
            0.54,
            81000.0,
            186300.0
        ],
        [
            0.55,
            82500.0,
            189750.00000000003
        ],
        [
            0.56,
            84000.00000000001,
            193200.00000000003
        ],
        [
            0.5700000000000001,
            85500.00000000001,
            196650.00000000003
        ],
        [
            0.58,
            87000.0,
            200099.99999999997
        ],
        [
            0.59,
            88500.0,
            203550.0
        ],
        [
            0.6,
            90000.0,
            207000.0
        ],
        [
            0.61,
            91500.0,
            210450.0
        ],
        [
            0.62,
            93000.0,
            213900.0
        ],
        [
            0.63,
            94500.0,
            217350.0
        ],
        [
            0.64,
            96000.0,
            220800.0
        ],
        [
            0.65,
            97500.0,
            224250.0
        ],
        [
            0.66,
            99000.0,
            227700.0
        ],
        [
            0.67,
            100500.0,
            231150.00000000003
        ],
        [
            0.68,
            102000.00000000001,
            234600.00000000003
        ],
        [
            0.6900000000000001,
            103500.00000000001,
            238050.00000000003
        ],
        [
            0.7000000000000001,
            105000.00000000001,
            241500.00000000003
        ],
        [
            0.71,
            106500.0,
            244950.0
        ],
        [
            0.72,
            108000.0,
            248400.0
        ],
        [
            0.73,
            109500.0,
            251850.0
        ],
        [
            0.74,
            111000.0,
            255300.0
        ],
        [
            0.75,
            112500.0,
            258750.0
        ],
        [
            0.76,
            114000.0,
            262200.0
        ],
        [
            0.77,
            115500.0,
            265650.0
        ],
        [
            0.78,
            117000.0,
            269100.0
        ],
        [
            0.79,
            118500.0,
