{
    "index": [
        0,
        1,
        2,
        3,
        4,
        5,
        6,
        7,
        8,
        9,
        10,
        11,
        12,
        13,
        14,
        15,
        16,
        17,
        18,
        19,
        20,
        21,
        22,
        23,
        24,
        25,
        26,
        27,
        28,
        29,
        30,
        31,
        32,
        33,
        34,
        35,
        36,
        37,
        38,
        39,
        40,
        41,
        42,
        43,
        44,
        45,
        46,
        47,
        48,
        49,
        50,
        51,
        52,
        53,
        54,
        55,
        56,
        57,
        58,
        59,
        60,
        61,
        62,
        63,
        64,
        65,
        66,
        67,
        68,
        69,
        70,
        71,
        72,
        73,
        74,
        75,
        76,
        77,
        78,
        79,
        80,
        81,
        82,
        83,
        84,
        85,
        86,
        87,
        88,
        89,
        90,
        91,
        92,
        93,
        94,
        95,
        96,
        97,
        98,
        99
    ],
    "columns": [
        "x",
        "low",
        "high"
    ],
    "data": [
        [
            0.01,
            450.0,
            690.0
        ],
        [
            0.02,
            900.0,
            1380.0
        ],
        [
            0.03,
            1350.0,
            2070.0
        ],
        [
            0.04,
            1800.0,
            2760.0
        ],
        [
            0.05,
            2250.0,
            3450.0
        ],
        [
            0.06,
            2700.0,
            4140.0
        ],
        [
            0.07,
            3150.0000000000005,
            4830.000000000001
        ],
        [
            0.08,
            3600.0,
            5520.0
        ],
        [
            0.09,
            4050.0,
            6210.0
        ],
        [
            0.1,
            4500.0,
            6900.0
        ],
        [
            0.11,
            4950.0,
            7590.0
        ],
        [
            0.12,
            5400.0,
            8280.0
        ],
        [
            0.13,
            5850.0,
            8970.0
        ],
        [
            0.14,
            6300.000000000001,
            9660.000000000002
        ],
        [
            0.15,
            6750.0,
            10350.0
        ],
        [
            0.16,
            7200.0,
            11040.0
        ],
        [
            0.17,
            7650.000000000001,
            11730.0
        ],
        [
            0.18,
            8100.0,
            12420.0
        ],
        [
            0.19,
            8550.0,
            13110.0
        ],
        [
            0.2,
            9000.0,
            13800.0
        ],
        [
            0.21,
            9450.0,
            14490.0
        ],
        [
            0.22,
            9900.0,
            15180.0
        ],
        [
            0.23,
            10350.0,
            15870.0
        ],
        [
            0.24,
            10800.0,
            16560.0
        ],
        [
            0.25,
            11250.0,
            17250.0
        ],
        [
            0.26,
            11700.0,
            17940.0
        ],
        [
            0.27,
            12150.0,
            18630.0
        ],
        [
            0.28,
            12600.000000000002,
            19320.000000000004
        ],
        [
            0.29,
            13049.999999999998,
            20010.0
        ],
        [
            0.3,
            13500.0,
            20700.0
        ],
        [
            0.31,
            13950.0,
            21390.0
        ],
        [
            0.32,
            14400.0,
            22080.0
        ],
        [
            0.33,
            14850.0,
            22770.0
        ],
        [
            0.34,
            15300.000000000002,
            23460.0
        ],
        [
            0.35000000000000003,
            15750.0,
            24150.000000000004
        ],
        [
            0.36,
            16200.0,
            24840.0
        ],
        [
            0.37,
            16650.0,
            25530.0
        ],
        [
            0.38,
            17100.0,
            26220.0
        ],
        [
            0.39,
            17550.0,
            26910.0
        ],
        [
            0.4,
            18000.0,
            27600.0
        ],
        [
            0.41000000000000003,
            18450.0,
            28290.000000000004
        ],
        [
            0.42,
            18900.0,
            28980.0
        ],
        [
            0.43,
            19350.0,
            29670.0
        ],
        [
            0.44,
            19800.0,
            30360.0
        ],
        [
            0.45,
            20250.0,
            31050.0
        ],
        [
            0.46,
            20700.0,
            31740.0
        ],
        [
            0.47000000000000003,
            21150.0,
            32430.0
        ],
        [
            0.48,
            21600.0,
            33120.0
        ],
        [
            0.49,
            22050.0,
            33810.0
        ],
        [
            0.5,
            22500.0,
            34500.0
        ],
        [
            0.51,
            22950.0,
            35190.0
        ],
        [
            0.52,
            23400.0,
            35880.0
        ],
        [
            0.53,
            23850.0,
            36570.0
        ],
        [
            0.54,
            24300.0,
            37260.0
        ],
        [
            0.55,
            24750.000000000004,
            37950.0
        ],
        [
            0.56,
            25200.000000000004,
            38640.00000000001
        ],
        [
            0.5700000000000001,
            25650.000000000004,
            39330.00000000001
        ],
        [
            0.58,
            26099.999999999996,
            40020.0
        ],
        [
            0.59,
            26550.0,
            40710.0
        ],
        [
            0.6,
            27000.0,
            41400.0
        ],
        [
            0.61,
            27450.0,
            42090.0
        ],
        [
            0.62,
            27900.0,
            42780.0
        ],
        [
            0.63,
            28350.0,
            43470.0
        ],
        [
            0.64,
            28800.0,
            44160.0
        ],
        [
            0.65,
            29250.0,
            44850.0
        ],
        [
            0.66,
            29700.0,
            45540.0
        ],
        [
            0.67,
            30150.000000000004,
            46230.0
        ],
        [
            0.68,
            30600.000000000004,
            46920.0
        ],
        [
            0.6900000000000001,
            31050.0,
            47610.00000000001
        ],
        [
            0.7000000000000001,
            31500.0,
            48300.00000000001
        ],
        [
            0.71,
            31950.0,
            48990.0
        ],
        [
            0.72,
            32400.0,
            49680.0
        ],
        [
            0.73,
            32850.0,
            50370.0
        ],
        [
            0.74,
            33300.0,
            51060.0
        ],
        [
            0.75,
            33750.0,
            51750.0
        ],
        [
            0.76,
            34200.0,
            52440.0
        ],
        [
            0.77,
            34650.0,
            53130.0
        ],
        [
            0.78,
            35100.0,
            53820.0
        ],
        [
            0.79,
            35550.0,
            54510.0
        ],
        [
            0.8,
            36000.0,
            55200.0
        ],
        [
            0.81,
