{
    "index": [
        0,
        1,
        2,
        3,
        4,
        5,
        6,
        7,
        8,
        9,
        10,
        11,
        12,
        13,
        14,
        15,
        16,
        17,
        18,
        19,
        20,
        21,
        22,
        23,
        24,
        25,
        26,
        27,
        28,
        29,
        30,
        31,
        32,
        33,
        34,
        35,
        36,
        37,
        38,
        39,
        40,
        41,
        42,
        43,
        44,
        45,
        46,
        47,
        48,
        49,
        50,
        51,
        52,
        53,
        54,
        55,
        56,
        57,
        58,
        59,
        60,
        61,
        62,
        63,
        64,
        65,
        66,
        67,
        68,
        69,
        70,
        71,
        72,
        73,
        74,
        75,
        76,
        77,
        78,
        79,
        80,
        81,
        82,
        83,
        84,
        85,
        86,
        87,
        88,
        89,
        90,
        91,
        92,
        93,
        94,
        95,
        96,
        97,
        98,
        99
    ],
    "columns": [
        "x",
        "low",
        "high"
    ],
    "data": [
        [
            0.01,
            95625.0,
            127500.0
        ],
        [
            0.02,
            191250.0,
            255000.0
        ],
        [
            0.03,
            286875.0,
            382500.0
        ],
        [
            0.04,
            382500.0,
            510000.0
        ],
        [
            0.05,
            478125.0,
            637500.0
        ],
        [
            0.06,
            573750.0,
            765000.0
        ],
        [
            0.07,
            669375.0000000001,
            892500.0000000001
        ],
        [
            0.08,
            765000.0,
            1020000.0
        ],
        [
            0.09,
            860625.0,
            1147500.0
        ],
        [
            0.1,
            956250.0,
            1275000.0
        ],
        [
            0.11,
            1051875.0,
            1402500.0
        ],
        [
            0.12,
            1147500.0,
            1530000.0
        ],
        [
            0.13,
            1243125.0,
            1657500.0
        ],
        [
            0.14,
            1338750.0000000002,
            1785000.0000000002
        ],
        [
            0.15,
            1434375.0,
            1912500.0
        ],
        [
            0.16,
            1530000.0,
            2040000.0
        ],
        [
            0.17,
            1625625.0000000002,
            2167500.0
        ],
        [
            0.18,
            1721250.0,
            2295000.0
        ],
        [
            0.19,
            1816875.0,
            2422500.0
        ],
        [
            0.2,
            1912500.0,
            2550000.0
        ],
        [
            0.21,
            2008125.0,
            2677500.0
        ],
        [
            0.22,
            2103750.0,
            2805000.0
        ],
        [
            0.23,
            2199375.0,
            2932500.0
        ],
        [
            0.24,
            2295000.0,
            3060000.0
        ],
        [
            0.25,
            2390625.0,
            3187500.0
        ],
        [
            0.26,
            2486250.0,
            3315000.0
        ],
        [
            0.27,
            2581875.0,
            3442500.0000000005
        ],
        [
            0.28,
            2677500.0000000005,
            3570000.0000000005
        ],
        [
            0.29,
            2773125.0,
            3697499.9999999995
        ],
        [
            0.3,
            2868750.0,
            3825000.0
        ],
        [
            0.31,
            2964375.0,
            3952500.0
        ],
        [
            0.32,
            3060000.0,
            4080000.0
        ],
        [
            0.33,
            3155625.0,
            4207500.0
        ],
        [
            0.34,
            3251250.0000000005,
            4335000.0
        ],
        [
            0.35000000000000003,
            3346875.0000000005,
            4462500.0
        ],
        [
            0.36,
            3442500.0,
            4590000.0
        ],
        [
            0.37,
            3538125.0,
            4717500.0
        ],
        [
            0.38,
            3633750.0,
            4845000.0
        ],
        [
            0.39,
            3729375.0,
            4972500.0
        ],
        [
            0.4,
            3825000.0,
            5100000.0
        ],
        [
            0.41000000000000003,
            3920625.0000000005,
            5227500.0
        ],
        [
            0.42,
            4016250.0,
            5355000.0
        ],
        [
            0.43,
            4111875.0,
            5482500.0
        ],
        [
            0.44,
            4207500.0,
            5610000.0
        ],
        [
            0.45,
            4303125.0,
            5737500.0
        ],
        [
            0.46,
            4398750.0,
            5865000.0
        ],
        [
            0.47000000000000003,
            4494375.0,
            5992500.0
        ],
        [
            0.48,
            4590000.0,
            6120000.0
        ],
        [
            0.49,
            4685625.0,
            6247500.0
        ],
        [
            0.5,
            4781250.0,
            6375000.0
        ],
        [
            0.51,
            4876875.0,
            6502500.0
        ],
        [
            0.52,
            4972500.0,
            6630000.0
        ],
        [
            0.53,
            5068125.0,
            6757500.0
        ],
        [
            0.54,
            5163750.0,
            6885000.000000001
        ],
        [
            0.55,
            5259375.0,
            7012500.000000001
        ],
        [
            0.56,
            5355000.000000001,
            7140000.000000001
        ],
        [
            0.5700000000000001,
            5450625.000000001,
            7267500.000000001
        ],
        [
            0.58,
            5546250.0,
            7394999.999999999
        ],
        [
            0.59,
            5641875.0,
            7522500.0
        ],
        [
            0.6,
            5737500.0,
            7650000.0
        ],
        [
            0.61,
            5833125.0,
            7777500.0
        ],
        [
            0.62,
            5928750.0,
            7905000.0
        ],
        [
            0.63,
            6024375.0,
            8032500.0
        ],
        [
            0.64,
            6120000.0,
            8160000.0
        ],
        [
            0.65,
            6215625.0,
            8287500.0
        ],
        [
            0.66,
            6311250.0,
            8415000.0
        ],
        [
            0.67,
            6406875.0,
            8542500.0
        ],
        [
            0.68,
            6502500.000000001,
            8670000.0
        ],
        [
            0.6900000000000001,
            6598125.000000001,
            8797500.0
        ],
        [
            0.7000000000000001,
            6693750.000000001,
            8925000.0
        ],
        [
            0.71,
            6789375.0,
            9052500.0
        ],
        [
            0.72,
            6885000.0,
            9180000.0
        ],
        [
            0.73,
            6980625.0,
            9307500.0
        ],
        [
            0.74,
            7076250.0,
            9435000.0
        ],
        [
            0.75,
            7171875.0,
            9562500.0
        ],
        [
            0.76,
            7267500.0,
            9690000.0
        ],
        [
            0.77,
            7363125.0,
